pdv_id,mes,mes_id,sku_id,ventas_totales,ventas_totales_en_tienda_de_cada_mes,ventas_totales_1_mes_pasado,promedio_ventas_totales_por_sku_en_cada_mes
1,enero,1,1,2,23,2,
1,,2,1,0,27,2,
1,marzo,3,1,1,28,0,
1,abril,4,1,0,31,1,
1,mayo,,1,0,37,0,
1,junio,6,1,0,12,0,
1,julio,7,1,0,38,0,
1,agosto,8,1,0,43,0,
1,septiembre,9,1,0,32,0,
1,enero,1,2,5,23,,
1,,2,2,0,27,5,
1,marzo,3,2,1,28,0,
1,abril,4,2,4,31,1,
1,mayo,,2,3,37,4,
1,junio,6,2,1,12,3,
1,julio,7,2,0,38,1,
1,agosto,8,2,3,43,0,
1,septiembre,9,2,2,32,3,
1,enero,1,3,4,23,,
1,,2,3,6,27,4,
1,marzo,3,3,4,28,6,
1,abril,4,3,2,31,4,
1,mayo,,3,0,37,2,
1,junio,6,3,1,12,0,
1,julio,7,3,0,38,1,
1,agosto,8,3,3,43,0,
1,septiembre,9,3,1,32,3,
1,enero,1,4,2,,2,
1,,2,4,0,27,2,
1,marzo,3,4,0,28,0,
1,abril,4,4,0,31,0,
1,mayo,,4,0,37,0,
1,junio,6,4,0,12,0,
1,julio,7,4,0,38,0,
1,agosto,8,4,0,43,0,
1,septiembre,9,4,0,32,0,
1,enero,1,5,2,,2,
1,,2,5,2,27,2,
1,marzo,3,5,0,28,2,
1,abril,4,5,0,31,0,
1,mayo,,5,0,37,0,
1,junio,6,5,0,12,0,
1,julio,7,5,0,38,0,
1,agosto,8,5,0,43,0,
1,septiembre,9,5,0,32,0,
1,enero,1,6,3,,3,
1,,2,6,1,27,3,
1,marzo,3,6,2,28,1,
1,abril,4,6,2,31,2,
1,mayo,,6,0,37,2,
1,junio,6,6,0,12,0,
1,julio,7,6,0,38,0,
1,agosto,8,6,1,43,0,
1,septiembre,9,6,5,32,1,
1,enero,1,7,2,,2,
1,,2,7,0,27,2,
1,marzo,3,7,0,28,0,
1,abril,4,7,0,31,0,
1,mayo,,7,0,37,0,
1,junio,6,7,0,12,0,
1,julio,7,7,0,38,0,
1,agosto,8,7,0,43,0,
1,septiembre,9,7,0,32,0,
1,enero,1,8,1,,1,
1,,2,8,0,27,1,
1,marzo,3,8,0,28,0,
1,abril,4,8,0,31,0,
1,mayo,,8,0,37,0,
1,junio,6,8,0,12,0,
1,julio,7,8,0,38,0,
1,agosto,8,8,0,43,0,
1,septiembre,9,8,0,32,0,
1,enero,1,9,1,,1,
1,,2,9,4,27,1,
1,marzo,3,9,1,28,4,
1,abril,4,9,2,31,1,
1,mayo,,9,1,37,2,
1,junio,6,9,0,12,1,
1,julio,7,9,0,38,0,
1,agosto,8,9,1,43,0,
1,septiembre,9,9,1,32,1,
1,enero,1,10,1,,1,
1,,2,10,6,27,1,
1,marzo,3,10,7,28,6,
1,abril,4,10,3,31,7,
1,mayo,,10,3,37,3,
1,junio,6,10,6,12,3,
1,julio,7,10,1,38,6,
1,agosto,8,10,5,43,1,
1,septiembre,9,10,0,32,5,
1,enero,1,11,0,,0,
1,,2,11,4,27,0,
1,marzo,3,11,4,28,4,
1,abril,4,11,3,31,4,
1,mayo,,11,1,37,3,
1,junio,6,11,0,12,1,
1,julio,7,11,4,38,0,
1,agosto,8,11,1,43,4,
1,septiembre,9,11,0,32,1,
1,enero,1,12,0,,0,
1,,2,12,2,27,0,
1,marzo,3,12,1,28,2,
1,abril,4,12,0,31,1,
1,mayo,,12,0,37,0,
1,junio,6,12,0,12,0,
1,julio,7,12,0,38,0,
1,agosto,8,12,0,43,0,
1,septiembre,9,12,0,32,0,
1,enero,1,13,0,,0,
1,,2,13,1,27,0,
1,marzo,3,13,3,28,1,
1,abril,4,13,4,31,3,
1,mayo,,13,2,37,4,
1,junio,6,13,0,12,2,
1,julio,7,13,12,38,0,
1,agosto,8,13,2,43,12,
1,septiembre,9,13,0,32,2,
1,enero,1,14,0,,0,
1,,2,14,1,27,0,
1,marzo,3,14,0,28,1,
1,abril,4,14,0,31,0,
1,mayo,,14,0,37,0,
1,junio,6,14,0,12,0,
1,julio,7,14,0,38,0,
1,agosto,8,14,0,43,0,
1,septiembre,9,14,0,32,0,
1,enero,1,15,0,,0,
1,,2,15,0,27,0,
1,marzo,3,15,3,28,0,
1,abril,4,15,2,31,3,
1,mayo,,15,1,37,2,
1,junio,6,15,0,12,1,
1,julio,7,15,2,38,0,
1,agosto,8,15,1,43,2,
1,septiembre,9,15,6,32,1,
1,enero,1,16,0,,0,
1,,2,16,0,27,0,
1,marzo,3,16,1,28,0,
1,abril,4,16,8,31,1,
1,mayo,,16,6,37,8,
1,junio,6,16,1,12,6,
1,julio,7,16,0,38,1,
1,agosto,8,16,1,43,0,
1,septiembre,9,16,0,32,1,
1,enero,1,17,0,,0,
1,,2,17,0,27,0,
1,marzo,3,17,0,28,0,
1,abril,4,17,1,31,0,
1,mayo,,17,1,37,1,
1,junio,6,17,0,12,1,
1,julio,7,17,0,38,0,
1,agosto,8,17,9,43,0,
1,septiembre,9,17,3,32,9,
1,enero,1,18,0,,0,
1,,2,18,0,27,0,
1,marzo,3,18,0,28,0,
1,abril,4,18,0,31,0,
1,mayo,,18,1,37,0,
1,junio,6,18,1,12,1,
1,julio,7,18,1,38,1,
1,agosto,8,18,8,43,1,
1,septiembre,9,18,3,32,8,
1,enero,1,19,0,,0,
1,,2,19,0,27,0,
1,marzo,3,19,0,28,0,
1,abril,4,19,0,31,0,
1,mayo,,19,5,37,0,
1,junio,6,19,1,12,5,
1,julio,7,19,2,38,1,
1,agosto,8,19,1,43,2,
1,septiembre,9,19,1,32,1,
1,enero,1,20,0,,0,
1,,2,20,0,27,0,
1,marzo,3,20,0,28,0,
1,abril,4,20,0,31,0,
1,mayo,,20,4,37,0,
1,junio,6,20,1,12,4,
1,julio,7,20,0,38,1,
1,agosto,8,20,0,43,0,
1,septiembre,9,20,0,32,0,
1,enero,1,21,0,,0,
1,,2,21,0,27,0,
1,marzo,3,21,0,28,0,
1,abril,4,21,0,31,0,
1,mayo,,21,5,37,0,
1,junio,6,21,0,12,5,
1,julio,7,21,0,38,0,
1,agosto,8,21,0,43,0,
1,septiembre,9,21,0,32,0,
1,enero,1,22,0,,0,
1,,2,22,0,27,0,
1,marzo,3,22,0,28,0,
1,abril,4,22,0,31,0,
1,mayo,,22,4,37,0,
1,junio,6,22,0,12,4,
1,julio,7,22,0,38,0,
1,agosto,8,22,3,43,0,
1,septiembre,9,22,0,32,3,
1,enero,1,23,0,,0,
1,,2,23,0,27,0,
1,marzo,3,23,0,28,0,
1,abril,4,23,0,31,0,
1,mayo,,23,0,37,0,
1,junio,6,23,0,12,0,
1,julio,7,23,5,38,0,
1,agosto,8,23,0,43,5,
1,septiembre,9,23,0,32,0,
1,enero,1,24,0,,0,
1,,2,24,0,27,0,
1,marzo,3,24,0,28,0,
1,abril,4,24,0,31,0,
1,mayo,,24,0,37,0,
1,junio,6,24,0,12,0,
1,julio,7,24,10,38,0,
1,agosto,8,24,0,43,10,
1,septiembre,9,24,0,32,0,
1,enero,1,25,0,,0,
1,,2,25,0,27,0,
1,marzo,3,25,0,28,0,
1,abril,4,25,0,31,0,
1,mayo,,25,0,37,0,
1,junio,6,25,0,12,0,
1,julio,7,25,1,38,0,
1,agosto,8,25,0,43,1,
1,septiembre,9,25,2,32,0,
1,enero,1,26,0,,0,
1,,2,26,0,27,0,
1,marzo,3,26,0,28,0,
1,abril,4,26,0,31,0,
1,mayo,,26,0,37,0,
1,junio,6,26,0,12,0,
1,julio,7,26,0,38,0,
1,agosto,8,26,4,43,0,
1,septiembre,9,26,0,32,4,
1,enero,1,27,0,,0,
1,,2,27,0,27,0,
1,marzo,3,27,0,28,0,
1,abril,4,27,0,31,0,
1,mayo,,27,0,37,0,
1,junio,6,27,0,12,0,
1,julio,7,27,0,38,0,
1,agosto,8,27,0,43,0,
1,septiembre,9,27,8,32,0,
1,enero,1,28,0,,0,
1,,2,28,0,27,0,
1,marzo,3,28,0,28,0,
1,abril,4,28,0,31,0,
1,mayo,,28,0,37,0,
1,junio,6,28,0,12,0,
1,julio,7,28,0,38,0,
1,agosto,8,28,0,43,0,
1,septiembre,9,28,0,32,0,
1,enero,1,29,0,,0,
1,,2,29,0,27,0,
1,marzo,3,29,0,28,0,
1,abril,4,29,0,31,0,
1,mayo,,29,0,37,0,
1,junio,6,29,0,12,0,
1,julio,7,29,0,38,0,
1,agosto,8,29,0,43,0,
1,septiembre,9,29,0,32,0,
1,enero,1,30,0,,0,
1,,2,30,0,27,0,
1,marzo,3,30,0,28,0,
1,abril,4,30,0,31,0,
1,mayo,,30,0,37,0,
1,junio,6,30,0,12,0,
1,julio,7,30,0,38,0,
1,agosto,8,30,0,43,0,
1,septiembre,9,30,0,32,0,
1,enero,1,31,0,,0,
1,,2,31,0,27,0,
1,marzo,3,31,0,28,0,
1,abril,4,31,0,31,0,
1,mayo,,31,0,37,0,
1,junio,6,31,0,12,0,
1,julio,7,31,0,38,0,
1,agosto,8,31,0,43,0,
1,septiembre,9,31,0,32,0,
1,enero,1,32,0,,0,
1,,2,32,0,27,0,
1,marzo,3,32,0,28,0,
1,abril,4,32,0,31,0,
1,mayo,,32,0,37,0,
1,junio,6,32,0,12,0,
1,julio,7,32,0,38,0,
1,agosto,8,32,0,43,0,
1,septiembre,9,32,0,32,0,
1,enero,1,33,0,,0,
1,,2,33,0,27,0,
1,marzo,3,33,0,28,0,
1,abril,4,33,0,31,0,
1,mayo,,33,0,37,0,
1,junio,6,33,0,12,0,
1,julio,7,33,0,38,0,
1,agosto,8,33,0,43,0,
1,septiembre,9,33,0,32,0,
1,enero,1,34,0,,0,
1,,2,34,0,27,0,
1,marzo,3,34,0,28,0,
1,abril,4,34,0,31,0,
1,mayo,,34,0,37,0,
1,junio,6,34,0,12,0,
1,julio,7,34,0,38,0,
1,agosto,8,34,0,43,0,
1,septiembre,9,34,0,32,0,
2,enero,1,1,1,4,1,
2,,2,1,1,9,1,
2,marzo,3,1,0,3,1,
2,abril,4,1,0,3,0,
2,mayo,,1,0,1,0,
2,junio,6,1,0,1,0,
2,julio,7,1,0,6,0,
2,agosto,8,1,0,4,0,
2,septiembre,9,1,0,2,0,
2,enero,1,2,0,4,0,
2,,2,2,0,9,0,
2,marzo,3,2,2,3,0,
2,abril,4,2,0,3,2,
2,mayo,,2,0,1,0,
2,junio,6,2,0,1,0,
2,julio,7,2,1,6,0,
2,agosto,8,2,0,4,1,
2,septiembre,9,2,0,2,0,
2,enero,1,3,1,4,1,
2,,2,3,2,9,1,
2,marzo,3,3,0,3,2,
2,abril,4,3,0,3,0,
2,mayo,,3,0,1,0,
2,junio,6,3,0,1,0,
2,julio,7,3,0,6,0,
2,agosto,8,3,1,4,0,
2,septiembre,9,3,2,2,1,
2,enero,1,4,0,4,0,
2,,2,4,0,9,0,
2,marzo,3,4,0,3,0,
2,abril,4,4,0,3,0,
2,mayo,5,4,0,1,0,
2,junio,6,4,0,1,0,
2,julio,7,4,0,6,0,
2,agosto,8,4,0,4,0,
2,septiembre,9,4,0,2,0,
2,enero,1,5,0,4,0,
2,,2,5,5,9,0,
2,marzo,3,5,0,3,5,
2,abril,4,5,0,3,0,
2,mayo,5,5,0,1,0,
2,junio,6,5,0,1,0,
2,julio,7,5,0,6,0,
2,agosto,8,5,0,4,0,
2,septiembre,9,5,0,2,0,
2,enero,1,6,0,4,0,
2,,2,6,0,9,0,
2,marzo,3,6,0,3,0,
2,abril,4,6,0,3,0,
2,mayo,5,6,0,1,0,
2,junio,6,6,0,1,0,
2,julio,7,6,0,6,0,
2,agosto,8,6,0,4,0,
2,septiembre,9,6,0,2,0,
2,enero,1,7,0,4,0,
2,,2,7,0,9,0,
2,marzo,3,7,0,3,0,
2,abril,4,7,0,3,0,
2,mayo,5,7,0,1,0,
2,junio,6,7,0,1,0,
2,julio,7,7,0,6,0,
2,agosto,8,7,0,4,0,
2,septiembre,9,7,0,2,0,
2,enero,1,8,1,4,1,
2,,2,8,0,9,1,
2,marzo,3,8,0,3,0,
2,abril,4,8,0,3,0,
2,mayo,5,8,0,1,0,
2,junio,6,8,0,1,0,
2,julio,7,8,0,6,0,
2,agosto,8,8,0,4,0,
2,septiembre,9,8,0,2,0,
2,enero,1,9,0,4,0,
2,,2,9,1,9,0,
2,marzo,3,9,1,3,1,
2,abril,4,9,0,3,1,
2,mayo,5,9,0,1,0,
2,junio,6,9,0,1,0,
2,julio,7,9,0,6,0,
2,agosto,8,9,0,4,0,
2,septiembre,9,9,0,2,0,
2,enero,1,10,0,4,0,
2,,2,10,0,9,0,
2,marzo,3,10,0,3,0,
2,abril,4,10,0,3,0,
2,mayo,5,10,0,1,0,
2,junio,6,10,0,1,0,
2,julio,7,10,1,6,0,
2,agosto,8,10,1,4,1,
2,septiembre,9,10,0,2,1,
2,enero,1,11,0,4,0,
2,,2,11,0,9,0,
2,marzo,3,11,0,3,0,
2,abril,4,11,1,3,0,
2,mayo,5,11,0,1,1,
2,junio,6,11,0,1,0,
2,julio,7,11,1,6,0,
2,agosto,8,11,0,4,1,
2,septiembre,9,11,0,2,0,
2,enero,1,12,0,4,0,
2,,2,12,0,9,0,
2,marzo,3,12,0,3,0,
2,abril,4,12,0,3,0,
2,mayo,5,12,0,1,0,
2,junio,6,12,0,1,0,
2,julio,7,12,0,6,0,
2,agosto,8,12,0,4,0,
2,septiembre,9,12,0,2,0,
2,enero,1,13,0,4,0,
2,,2,13,0,9,0,
2,marzo,3,13,0,3,0,
2,abril,4,13,1,3,0,
2,mayo,5,13,1,1,1,
2,junio,6,13,0,1,1,
2,julio,7,13,0,6,0,
2,agosto,8,13,0,4,0,
2,septiembre,9,13,0,2,0,
2,enero,1,14,1,4,1,
2,,2,14,0,9,1,
2,marzo,3,14,0,3,0,
2,abril,4,14,0,3,0,
2,mayo,5,14,0,1,0,
2,junio,6,14,1,1,0,
2,julio,7,14,1,6,1,
2,agosto,8,14,0,4,1,
2,septiembre,9,14,0,2,0,
2,enero,1,15,0,4,0,
2,,2,15,0,9,0,
2,marzo,3,15,0,3,0,
2,abril,4,15,0,3,0,
2,mayo,5,15,0,1,0,
2,junio,6,15,0,1,0,
2,julio,7,15,0,6,0,
2,agosto,8,15,0,4,0,
2,septiembre,9,15,0,2,0,
2,enero,1,16,0,4,0,
2,,2,16,0,9,0,
2,marzo,3,16,0,3,0,
2,abril,4,16,0,3,0,
2,mayo,5,16,0,1,0,
2,junio,6,16,0,1,0,
2,julio,7,16,1,6,0,
2,agosto,8,16,0,4,1,
2,septiembre,9,16,0,2,0,
2,enero,1,17,0,4,0,
2,,2,17,0,9,0,
2,marzo,3,17,0,3,0,
2,abril,4,17,1,3,0,
2,mayo,5,17,0,1,1,
2,junio,6,17,0,1,0,
2,julio,7,17,0,6,0,
2,agosto,8,17,1,4,0,
2,septiembre,9,17,0,2,1,
2,enero,1,18,0,4,0,
2,,2,18,0,9,0,
2,marzo,3,18,0,3,0,
2,abril,4,18,0,3,0,
2,mayo,5,18,0,1,0,
2,junio,6,18,0,1,0,
2,julio,7,18,0,6,0,
2,agosto,8,18,0,4,0,
2,septiembre,9,18,0,2,0,
2,enero,1,19,0,4,0,
2,,2,19,0,9,0,
2,marzo,3,19,0,3,0,
2,abril,4,19,0,3,0,
2,mayo,5,19,0,1,0,
2,junio,6,19,0,1,0,
2,julio,7,19,0,6,0,
2,agosto,8,19,0,4,0,
2,septiembre,9,19,0,2,0,
2,enero,1,20,0,4,0,
2,,2,20,0,9,0,
2,marzo,3,20,0,3,0,
2,abril,4,20,0,3,0,
2,mayo,5,20,0,1,0,
2,junio,6,20,0,1,0,
2,julio,7,20,0,6,0,
2,agosto,8,20,0,4,0,
2,septiembre,9,20,0,2,0,
2,enero,1,21,0,4,0,
2,,2,21,0,9,0,
2,marzo,3,21,0,3,0,
2,abril,4,21,0,3,0,
2,mayo,5,21,0,1,0,
2,junio,6,21,0,1,0,
2,julio,7,21,0,6,0,
2,agosto,8,21,0,4,0,
2,septiembre,9,21,0,2,0,
2,enero,1,22,0,4,0,
2,,2,22,0,9,0,
2,marzo,3,22,0,3,0,
2,abril,4,22,0,3,0,
2,mayo,5,22,0,1,0,
2,junio,6,22,0,1,0,
2,julio,7,22,1,6,0,
2,agosto,8,22,1,4,1,
2,septiembre,9,22,0,2,1,
2,enero,1,23,0,4,0,
2,,2,23,0,9,0,
2,marzo,3,23,0,3,0,
2,abril,4,23,0,3,0,
2,mayo,5,23,0,1,0,
2,junio,6,23,0,1,0,
2,julio,7,23,0,6,0,
2,agosto,8,23,0,4,0,
2,septiembre,9,23,0,2,0,
2,enero,1,24,0,4,0,
2,,2,24,0,9,0,
2,marzo,3,24,0,3,0,
2,abril,4,24,0,3,0,
2,mayo,5,24,0,1,0,
2,junio,6,24,0,1,0,
2,julio,7,24,0,6,0,
2,agosto,8,24,0,4,0,
2,septiembre,9,24,0,2,0,
2,enero,1,25,0,4,0,
2,,2,25,0,9,0,
2,marzo,3,25,0,3,0,
2,abril,4,25,0,3,0,
2,mayo,5,25,0,1,0,
2,junio,6,25,0,1,0,
2,julio,7,25,0,6,0,
2,agosto,8,25,0,4,0,
2,septiembre,9,25,0,2,0,
2,enero,1,26,0,4,0,
2,,2,26,0,9,0,
2,marzo,3,26,0,3,0,
2,abril,4,26,0,3,0,
2,mayo,5,26,0,1,0,
2,junio,6,26,0,1,0,
2,julio,7,26,0,6,0,
2,agosto,8,26,0,4,0,
2,septiembre,9,26,0,2,0,
2,enero,1,27,0,4,0,
2,,2,27,0,9,0,
2,marzo,3,27,0,3,0,
2,abril,4,27,0,3,0,
2,mayo,5,27,0,1,0,
2,junio,6,27,0,1,0,
2,julio,7,27,0,6,0,
2,agosto,8,27,0,4,0,
2,septiembre,9,27,0,2,0,
2,enero,1,28,0,4,0,
2,,2,28,0,9,0,
2,marzo,3,28,0,3,0,
2,abril,4,28,0,3,0,
2,mayo,5,28,0,1,0,
2,junio,6,28,0,1,0,
2,julio,7,28,0,6,0,
2,agosto,8,28,0,4,0,
2,septiembre,9,28,0,2,0,
2,enero,1,29,0,4,0,
2,,2,29,0,9,0,
2,marzo,3,29,0,3,0,
2,abril,4,29,0,3,0,
2,mayo,5,29,0,1,0,
2,junio,6,29,0,1,0,
2,julio,7,29,0,6,0,
2,agosto,8,29,0,4,0,
2,septiembre,9,29,0,2,0,
2,enero,1,30,0,4,0,
2,,2,30,0,9,0,
2,marzo,3,30,0,3,0,
2,abril,4,30,0,3,0,
2,mayo,5,30,0,1,0,
2,junio,6,30,0,1,0,
2,julio,7,30,0,6,0,
2,agosto,8,30,0,4,0,
2,septiembre,9,30,0,2,0,
2,enero,1,31,0,4,0,
2,,2,31,0,9,0,
2,marzo,3,31,0,3,0,
2,abril,4,31,0,3,0,
2,mayo,5,31,0,1,0,
2,junio,6,31,0,1,0,
2,julio,7,31,0,6,0,
2,agosto,8,31,0,4,0,
2,septiembre,9,31,0,2,0,
2,enero,1,32,0,4,0,
2,,2,32,0,9,0,
2,marzo,3,32,0,3,0,
2,abril,4,32,0,3,0,
2,mayo,5,32,0,1,0,
2,junio,6,32,0,1,0,
2,julio,7,32,0,6,0,
2,agosto,8,32,0,4,0,
2,septiembre,9,32,0,2,0,
2,enero,1,33,0,4,0,
2,,2,33,0,9,0,
2,marzo,3,33,0,3,0,
2,abril,4,33,0,3,0,
2,mayo,5,33,0,1,0,
2,junio,6,33,0,1,0,
2,julio,7,33,0,6,0,
2,agosto,8,33,0,4,0,
2,septiembre,9,33,0,2,0,
2,enero,1,34,0,4,0,
2,,2,34,0,9,0,
2,marzo,3,34,0,3,0,
2,abril,4,34,0,3,0,
2,mayo,5,34,0,1,0,
2,junio,6,34,0,1,0,
2,julio,7,34,0,6,0,
2,agosto,8,34,0,4,0,
2,septiembre,9,34,0,2,0,
3,enero,1,1,2,11,2,
3,,2,1,3,25,2,
3,marzo,3,1,0,13,3,
3,abril,4,1,0,15,0,
3,mayo,5,1,0,18,0,
3,junio,6,1,0,17,0,
3,julio,7,1,0,33,0,
3,agosto,8,1,0,21,0,
3,septiembre,9,1,0,10,0,
3,enero,1,2,1,11,1,
3,,2,2,1,25,1,
3,marzo,3,2,0,13,1,
3,abril,4,2,0,15,0,
3,mayo,5,2,2,18,0,
3,junio,6,2,1,17,2,
3,julio,7,2,0,33,1,
3,agosto,8,2,0,21,0,
3,septiembre,9,2,0,10,0,
3,enero,1,3,1,11,1,
3,,2,3,1,25,1,
3,marzo,3,3,2,13,1,
3,abril,4,3,2,15,2,
3,mayo,5,3,1,18,2,
3,junio,6,3,0,17,1,
3,julio,7,3,2,33,0,
3,agosto,8,3,5,21,2,
3,septiembre,9,3,1,10,5,
3,enero,1,4,0,11,0,
3,,2,4,0,25,0,
3,marzo,3,4,0,13,0,
3,abril,4,4,0,15,0,
3,mayo,5,4,0,18,0,
3,junio,6,4,0,17,0,
3,julio,7,4,0,33,0,
3,agosto,8,4,0,21,0,
3,septiembre,9,4,0,10,0,
3,enero,1,5,1,11,1,
3,,2,5,6,25,1,
3,marzo,3,5,3,13,6,
3,abril,4,5,1,15,3,
3,mayo,5,5,0,18,1,
3,junio,6,5,0,17,0,
3,julio,7,5,0,33,0,
3,agosto,8,5,0,21,0,
3,septiembre,9,5,0,10,0,
3,enero,1,6,4,11,4,
3,,2,6,2,25,4,
3,marzo,3,6,1,13,2,
3,abril,4,6,3,15,1,
3,mayo,5,6,0,18,3,
3,junio,6,6,0,17,0,
3,julio,7,6,1,33,0,
3,agosto,8,6,2,21,1,
3,septiembre,9,6,0,10,2,
3,enero,1,7,0,11,0,
3,,2,7,0,25,0,
3,marzo,3,7,0,13,0,
3,abril,4,7,0,15,0,
3,mayo,5,7,0,18,0,
3,junio,6,7,0,17,0,
3,julio,7,7,0,33,0,
3,agosto,8,7,0,21,0,
3,septiembre,9,7,0,10,0,
3,enero,1,8,0,11,0,
3,,2,8,0,25,0,
3,marzo,3,8,0,13,0,
3,abril,4,8,0,15,0,
3,mayo,5,8,0,18,0,
3,junio,6,8,0,17,0,
3,julio,7,8,0,33,0,
3,agosto,8,8,0,21,0,
3,septiembre,9,8,0,10,0,
3,enero,1,9,0,11,0,
3,,2,9,3,25,0,
3,marzo,3,9,2,13,3,
3,abril,4,9,1,15,2,
3,mayo,5,9,0,18,1,
3,junio,6,9,0,17,0,
3,julio,7,9,1,33,0,
3,agosto,8,9,4,21,1,
3,septiembre,9,9,0,10,4,
3,enero,1,10,0,11,0,
3,,2,10,1,25,0,
3,marzo,3,10,0,13,1,
3,abril,4,10,2,15,0,
3,mayo,5,10,0,18,2,
3,junio,6,10,4,17,0,
3,julio,7,10,3,33,4,
3,agosto,8,10,0,21,3,
3,septiembre,9,10,2,10,0,
3,enero,1,11,0,11,0,
3,,2,11,0,25,0,
3,marzo,3,11,2,13,0,
3,abril,4,11,1,15,2,
3,mayo,5,11,0,18,1,
3,junio,6,11,1,17,0,
3,julio,7,11,6,33,1,
3,agosto,8,11,0,21,6,
3,septiembre,9,11,0,10,0,
3,enero,1,12,0,11,0,
3,,2,12,2,25,0,
3,marzo,3,12,0,13,2,
3,abril,4,12,0,15,0,
3,mayo,5,12,0,18,0,
3,junio,6,12,0,17,0,
3,julio,7,12,0,33,0,
3,agosto,8,12,0,21,0,
3,septiembre,9,12,0,10,0,
3,enero,1,13,0,11,0,
3,,2,13,1,25,0,
3,marzo,3,13,0,13,1,
3,abril,4,13,1,15,0,
3,mayo,5,13,0,18,1,
3,junio,6,13,0,17,0,
3,julio,7,13,3,33,0,
3,agosto,8,13,1,21,3,
3,septiembre,9,13,0,10,1,
3,enero,1,14,2,11,2,
3,,2,14,2,25,2,
3,marzo,3,14,0,13,2,
3,abril,4,14,0,15,0,
3,mayo,5,14,0,18,0,
3,junio,6,14,0,17,0,
3,julio,7,14,0,33,0,
3,agosto,8,14,0,21,0,
3,septiembre,9,14,0,10,0,
3,enero,1,15,0,11,0,
3,,2,15,0,25,0,
3,marzo,3,15,1,13,0,
3,abril,4,15,1,15,1,
3,mayo,5,15,0,18,1,
3,junio,6,15,1,17,0,
3,julio,7,15,1,33,1,
3,agosto,8,15,2,21,1,
3,septiembre,9,15,1,10,2,
3,enero,1,16,0,11,0,
3,,2,16,2,25,0,
3,marzo,3,16,1,13,2,
3,abril,4,16,2,15,1,
3,mayo,5,16,1,18,2,
3,junio,6,16,1,17,1,
3,julio,7,16,0,33,1,
3,agosto,8,16,0,21,0,
3,septiembre,9,16,1,10,0,
3,enero,1,17,0,11,0,
3,,2,17,0,25,0,
3,marzo,3,17,0,13,0,
3,abril,4,17,0,15,0,
3,mayo,5,17,0,18,0,
3,junio,6,17,0,17,0,
3,julio,7,17,0,33,0,
3,agosto,8,17,3,21,0,
3,septiembre,9,17,1,10,3,
3,enero,1,18,0,11,0,
3,,2,18,0,25,0,
3,marzo,3,18,0,13,0,
3,abril,4,18,0,15,0,
3,mayo,5,18,1,18,0,
3,junio,6,18,2,17,1,
3,julio,7,18,0,33,2,
3,agosto,8,18,4,21,0,
3,septiembre,9,18,2,10,4,
3,enero,1,19,0,11,0,
3,,2,19,0,25,0,
3,marzo,3,19,0,13,0,
3,abril,4,19,0,15,0,
3,mayo,5,19,2,18,0,
3,junio,6,19,2,17,2,
3,julio,7,19,5,33,2,
3,agosto,8,19,0,21,5,
3,septiembre,9,19,0,10,0,
3,enero,1,20,0,11,0,
3,,2,20,0,25,0,
3,marzo,3,20,0,13,0,
3,abril,4,20,0,15,0,
3,mayo,5,20,2,18,0,
3,junio,6,20,0,17,2,
3,julio,7,20,0,33,0,
3,agosto,8,20,0,21,0,
3,septiembre,9,20,0,10,0,
3,enero,1,21,0,11,0,
3,,2,21,0,25,0,
3,marzo,3,21,0,13,0,
3,abril,4,21,0,15,0,
3,mayo,5,21,4,18,0,
3,junio,6,21,0,17,4,
3,julio,7,21,0,33,0,
3,agosto,8,21,0,21,0,
3,septiembre,9,21,0,10,0,
3,enero,1,22,0,11,0,
3,,2,22,0,25,0,
3,marzo,3,22,0,13,0,
3,abril,4,22,0,15,0,
3,mayo,5,22,4,18,0,
3,junio,6,22,5,17,4,
3,julio,7,22,1,33,5,
3,agosto,8,22,0,21,1,
3,septiembre,9,22,0,10,0,
3,enero,1,23,0,11,0,
3,,2,23,0,25,0,
3,marzo,3,23,0,13,0,
3,abril,4,23,0,15,0,
3,mayo,5,23,0,18,0,
3,junio,6,23,0,17,0,
3,julio,7,23,3,33,0,
3,agosto,8,23,0,21,3,
3,septiembre,9,23,0,10,0,
3,enero,1,24,0,11,0,
3,,2,24,0,25,0,
3,marzo,3,24,0,13,0,
3,abril,4,24,0,15,0,
3,mayo,5,24,0,18,0,
3,junio,6,24,0,17,0,
3,julio,7,24,6,33,0,
3,agosto,8,24,0,21,6,
3,septiembre,9,24,0,10,0,
3,enero,1,25,0,11,0,
3,,2,25,0,25,0,
3,marzo,3,25,0,13,0,
3,abril,4,25,0,15,0,
3,mayo,5,25,0,18,0,
3,junio,6,25,0,17,0,
3,julio,7,25,1,33,0,
3,agosto,8,25,0,21,1,
3,septiembre,9,25,1,10,0,
3,enero,1,26,0,11,0,
3,,2,26,0,25,0,
3,marzo,3,26,0,13,0,
3,abril,4,26,0,15,0,
3,mayo,5,26,0,18,0,
3,junio,6,26,0,17,0,
3,julio,7,26,0,33,0,
3,agosto,8,26,0,21,0,
3,septiembre,9,26,0,10,0,
3,enero,1,27,0,11,0,
3,,2,27,0,25,0,
3,marzo,3,27,0,13,0,
3,abril,4,27,0,15,0,
3,mayo,5,27,0,18,0,
3,junio,6,27,0,17,0,
3,julio,7,27,0,33,0,
3,agosto,8,27,0,21,0,
3,septiembre,9,27,0,10,0,
3,enero,1,28,0,11,0,
3,,2,28,1,25,0,
3,marzo,3,28,1,13,1,
3,abril,4,28,0,15,1,
3,mayo,5,28,0,18,0,
3,junio,6,28,0,17,0,
3,julio,7,28,0,33,0,
3,agosto,8,28,0,21,0,
3,septiembre,9,28,0,10,0,
3,enero,1,29,0,11,0,
3,,2,29,0,25,0,
3,marzo,3,29,0,13,0,
3,abril,4,29,1,15,0,
3,mayo,5,29,1,18,1,
3,junio,6,29,0,17,1,
3,julio,7,29,0,33,0,
3,agosto,8,29,0,21,0,
3,septiembre,9,29,0,10,0,
3,enero,1,30,0,11,0,
3,,2,30,0,25,0,
3,marzo,3,30,0,13,0,
3,abril,4,30,0,15,0,
3,mayo,5,30,0,18,0,
3,junio,6,30,0,17,0,
3,julio,7,30,0,33,0,
3,agosto,8,30,0,21,0,
3,septiembre,9,30,1,10,0,
3,enero,1,31,0,11,0,
3,,2,31,0,25,0,
3,marzo,3,31,0,13,0,
3,abril,4,31,0,15,0,
3,mayo,5,31,0,18,0,
3,junio,6,31,0,17,0,
3,julio,7,31,0,33,0,
3,agosto,8,31,0,21,0,
3,septiembre,9,31,0,10,0,
3,enero,1,32,0,11,0,
3,,2,32,0,25,0,
3,marzo,3,32,0,13,0,
3,abril,4,32,0,15,0,
3,mayo,5,32,0,18,0,
3,junio,6,32,0,17,0,
3,julio,7,32,0,33,0,
3,agosto,8,32,0,21,0,
3,septiembre,9,32,0,10,0,
3,enero,1,33,0,11,0,
3,,2,33,0,25,0,
3,marzo,3,33,0,13,0,
3,abril,4,33,0,15,0,
3,mayo,5,33,0,18,0,
3,junio,6,33,0,17,0,
3,julio,7,33,0,33,0,
3,agosto,8,33,0,21,0,
3,septiembre,9,33,0,10,0,
3,enero,1,34,0,11,0,
3,,2,34,0,25,0,
3,marzo,3,34,0,13,0,
3,abril,4,34,0,15,0,
3,mayo,5,34,0,18,0,
3,junio,6,34,0,17,0,
3,julio,7,34,0,33,0,
3,agosto,8,34,0,21,0,
3,septiembre,9,34,0,10,0,
4,enero,1,1,0,0,0,
4,,2,1,0,0,0,
4,marzo,3,1,0,0,0,
4,abril,4,1,0,0,0,
4,mayo,5,1,0,0,0,
4,junio,6,1,0,2,0,
4,julio,7,1,0,3,0,
4,agosto,8,1,0,12,0,
4,septiembre,9,1,0,13,0,
4,enero,1,2,0,0,0,
4,,2,2,0,0,0,
4,marzo,3,2,0,0,0,
4,abril,4,2,0,0,0,
4,mayo,5,2,0,0,0,
4,junio,6,2,0,2,0,
4,julio,7,2,0,3,0,
4,agosto,8,2,0,12,0,
4,septiembre,9,2,0,13,0,
4,enero,1,3,0,0,0,
4,,2,3,0,0,0,
4,marzo,3,3,0,0,0,
4,abril,4,3,0,0,0,
4,mayo,5,3,0,0,0,
4,junio,6,3,0,2,0,
4,julio,7,3,0,3,0,
4,agosto,8,3,2,12,0,
4,septiembre,9,3,2,13,2,
4,enero,1,4,0,0,0,
4,,2,4,0,0,0,
4,marzo,3,4,0,0,0,
4,abril,4,4,0,0,0,
4,mayo,5,4,0,0,0,
4,junio,6,4,0,2,0,
4,julio,7,4,0,3,0,
4,agosto,8,4,0,12,0,
4,septiembre,9,4,0,13,0,
4,enero,1,5,0,0,0,
4,,2,5,0,0,0,
4,marzo,3,5,0,0,0,
4,abril,4,5,0,0,0,
4,mayo,5,5,0,0,0,
4,junio,6,5,0,2,0,
4,julio,7,5,0,3,0,
4,agosto,8,5,0,12,0,
4,septiembre,9,5,0,13,0,
4,enero,1,6,0,0,0,
4,,2,6,0,0,0,
4,marzo,3,6,0,0,0,
4,abril,4,6,0,0,0,
4,mayo,5,6,0,0,0,
4,junio,6,6,0,2,0,
4,julio,7,6,0,3,0,
4,agosto,8,6,0,12,0,
4,septiembre,9,6,0,13,0,
4,enero,1,7,0,0,0,
4,,2,7,0,0,0,
4,marzo,3,7,0,0,0,
4,abril,4,7,0,0,0,
4,mayo,5,7,0,0,0,
4,junio,6,7,0,2,0,
4,julio,7,7,0,3,0,
4,agosto,8,7,0,12,0,
4,septiembre,9,7,0,13,0,
4,enero,1,8,0,0,0,
4,,2,8,0,0,0,
4,marzo,3,8,0,0,0,
4,abril,4,8,0,0,0,
4,mayo,5,8,0,0,0,
4,junio,6,8,0,2,0,
4,julio,7,8,0,3,0,
4,agosto,8,8,0,12,0,
4,septiembre,9,8,0,13,0,
4,enero,1,9,0,0,0,
4,,2,9,0,0,0,
4,marzo,3,9,0,0,0,
4,abril,4,9,0,0,0,
4,mayo,5,9,0,0,0,
4,junio,6,9,0,2,0,
4,julio,7,9,1,3,0,
4,agosto,8,9,1,12,1,
4,septiembre,9,9,3,13,1,
4,enero,1,10,0,0,0,
4,,2,10,0,0,0,
4,marzo,3,10,0,0,0,
4,abril,4,10,0,0,0,
4,mayo,5,10,0,0,0,
4,junio,6,10,0,2,0,
4,julio,7,10,0,3,0,
4,agosto,8,10,0,12,0,
4,septiembre,9,10,0,13,0,
4,enero,1,11,0,0,0,
4,,2,11,0,0,0,
4,marzo,3,11,0,0,0,
4,abril,4,11,0,0,0,
4,mayo,5,11,0,0,0,
4,junio,6,11,0,2,0,
4,julio,7,11,0,3,0,
4,agosto,8,11,1,12,0,
4,septiembre,9,11,0,13,1,
4,enero,1,12,0,0,0,
4,,2,12,0,0,0,
4,marzo,3,12,0,0,0,
4,abril,4,12,0,0,0,
4,mayo,5,12,0,0,0,
4,junio,6,12,0,2,0,
4,julio,7,12,0,3,0,
4,agosto,8,12,0,12,0,
4,septiembre,9,12,0,13,0,
4,enero,1,13,0,0,0,
4,,2,13,0,0,0,
4,marzo,3,13,0,0,0,
4,abril,4,13,0,0,0,
4,mayo,5,13,0,0,0,
4,junio,6,13,0,2,0,
4,julio,7,13,0,3,0,
4,agosto,8,13,0,12,0,
4,septiembre,9,13,0,13,0,
4,enero,1,14,0,0,0,
4,,2,14,0,0,0,
4,marzo,3,14,0,0,0,
4,abril,4,14,0,0,0,
4,mayo,5,14,0,0,0,
4,junio,6,14,0,2,0,
4,julio,7,14,0,3,0,
4,agosto,8,14,0,12,0,
4,septiembre,9,14,0,13,0,
4,enero,1,15,0,0,0,
4,,2,15,0,0,0,
4,marzo,3,15,0,0,0,
4,abril,4,15,0,0,0,
4,mayo,5,15,0,0,0,
4,junio,6,15,0,2,0,
4,julio,7,15,1,3,0,
4,agosto,8,15,0,12,1,
4,septiembre,9,15,0,13,0,
4,enero,1,16,0,0,0,
4,,2,16,0,0,0,
4,marzo,3,16,0,0,0,
4,abril,4,16,0,0,0,
4,mayo,5,16,0,0,0,
4,junio,6,16,0,2,0,
4,julio,7,16,0,3,0,
4,agosto,8,16,0,12,0,
4,septiembre,9,16,0,13,0,
4,enero,1,17,0,0,0,
4,,2,17,0,0,0,
4,marzo,3,17,0,0,0,
4,abril,4,17,0,0,0,
4,mayo,5,17,0,0,0,
4,junio,6,17,0,2,0,
4,julio,7,17,0,3,0,
4,agosto,8,17,2,12,0,
4,septiembre,9,17,2,13,2,
4,enero,1,18,0,0,0,
4,,2,18,0,0,0,
4,marzo,3,18,0,0,0,
4,abril,4,18,0,0,0,
4,mayo,5,18,0,0,0,
4,junio,6,18,0,2,0,
4,julio,7,18,1,3,0,
4,agosto,8,18,1,12,1,
4,septiembre,9,18,2,13,1,
4,enero,1,19,0,0,0,
4,,2,19,0,0,0,
4,marzo,3,19,0,0,0,
4,abril,4,19,0,0,0,
4,mayo,5,19,0,0,0,
4,junio,6,19,1,2,0,
4,julio,7,19,0,3,1,
4,agosto,8,19,3,12,0,
4,septiembre,9,19,2,13,3,
4,enero,1,20,0,0,0,
4,,2,20,0,0,0,
4,marzo,3,20,0,0,0,
4,abril,4,20,0,0,0,
4,mayo,5,20,0,0,0,
4,junio,6,20,0,2,0,
4,julio,7,20,0,3,0,
4,agosto,8,20,0,12,0,
4,septiembre,9,20,0,13,0,
4,enero,1,21,0,0,0,
4,,2,21,0,0,0,
4,marzo,3,21,0,0,0,
4,abril,4,21,0,0,0,
4,mayo,5,21,0,0,0,
4,junio,6,21,0,2,0,
4,julio,7,21,0,3,0,
4,agosto,8,21,0,12,0,
4,septiembre,9,21,0,13,0,
4,enero,1,22,0,0,0,
4,,2,22,0,0,0,
4,marzo,3,22,0,0,0,
4,abril,4,22,0,0,0,
4,mayo,5,22,0,0,0,
4,junio,6,22,1,2,0,
4,julio,7,22,0,3,1,
4,agosto,8,22,2,12,0,
4,septiembre,9,22,1,13,2,
4,enero,1,23,0,0,0,
4,,2,23,0,0,0,
4,marzo,3,23,0,0,0,
4,abril,4,23,0,0,0,
4,mayo,5,23,0,0,0,
4,junio,6,23,0,2,0,
4,julio,7,23,0,3,0,
4,agosto,8,23,0,12,0,
4,septiembre,9,23,0,13,0,
4,enero,1,24,0,0,0,
4,,2,24,0,0,0,
4,marzo,3,24,0,0,0,
4,abril,4,24,0,0,0,
4,mayo,5,24,0,0,0,
4,junio,6,24,0,2,0,
4,julio,7,24,0,3,0,
4,agosto,8,24,0,12,0,
4,septiembre,9,24,0,13,0,
4,enero,1,25,0,0,0,
4,,2,25,0,0,0,
4,marzo,3,25,0,0,0,
4,abril,4,25,0,0,0,
4,mayo,5,25,0,0,0,
4,junio,6,25,0,2,0,
4,julio,7,25,0,3,0,
4,agosto,8,25,0,12,0,
4,septiembre,9,25,0,13,0,
4,enero,1,26,0,0,0,
4,,2,26,0,0,0,
4,marzo,3,26,0,0,0,
4,abril,4,26,0,0,0,
4,mayo,5,26,0,0,0,
4,junio,6,26,0,2,0,
4,julio,7,26,0,3,0,
4,agosto,8,26,0,12,0,
4,septiembre,9,26,0,13,0,
4,enero,1,27,0,0,0,
4,,2,27,0,0,0,
4,marzo,3,27,0,0,0,
4,abril,4,27,0,0,0,
4,mayo,5,27,0,0,0,
4,junio,6,27,0,2,0,
4,julio,7,27,0,3,0,
4,agosto,8,27,0,12,0,
4,septiembre,9,27,0,13,0,
4,enero,1,28,0,0,0,
4,,2,28,0,0,0,
4,marzo,3,28,0,0,0,
4,abril,4,28,0,0,0,
4,mayo,5,28,0,0,0,
4,junio,6,28,0,2,0,
4,julio,7,28,0,3,0,
4,agosto,8,28,0,12,0,
4,septiembre,9,28,0,13,0,
4,enero,1,29,0,0,0,
4,,2,29,0,0,0,
4,marzo,3,29,0,0,0,
4,abril,4,29,0,0,0,
4,mayo,5,29,0,0,0,
4,junio,6,29,0,2,0,
4,julio,7,29,0,3,0,
4,agosto,8,29,0,12,0,
4,septiembre,9,29,0,13,0,
4,enero,1,30,0,0,0,
4,,2,30,0,0,0,
4,marzo,3,30,0,0,0,
4,abril,4,30,0,0,0,
4,mayo,5,30,0,0,0,
4,junio,6,30,0,2,0,
4,julio,7,30,0,3,0,
4,agosto,8,30,0,12,0,
4,septiembre,9,30,1,13,0,
4,enero,1,31,0,0,0,
4,,2,31,0,0,0,
4,marzo,3,31,0,0,0,
4,abril,4,31,0,0,0,
4,mayo,5,31,0,0,0,
4,junio,6,31,0,2,0,
4,julio,7,31,0,3,0,
4,agosto,8,31,0,12,0,
4,septiembre,9,31,0,13,0,
4,enero,1,32,0,0,0,
4,,2,32,0,0,0,
4,marzo,3,32,0,0,0,
4,abril,4,32,0,0,0,
4,mayo,5,32,0,0,0,
4,junio,6,32,0,2,0,
4,julio,7,32,0,3,0,
4,agosto,8,32,0,12,0,
4,septiembre,9,32,0,13,0,
4,enero,1,33,0,0,0,
4,,2,33,0,0,0,
4,marzo,3,33,0,0,0,
4,abril,4,33,0,0,0,
4,mayo,5,33,0,0,0,
4,junio,6,33,0,2,0,
4,julio,7,33,0,3,0,
4,agosto,8,33,0,12,0,
4,septiembre,9,33,0,13,0,
4,enero,1,34,0,0,0,
4,,2,34,0,0,0,
4,marzo,3,34,0,0,0,
4,abril,4,34,0,0,0,
4,mayo,5,34,0,0,0,
4,junio,6,34,0,2,0,
4,julio,7,34,0,3,0,
4,agosto,8,34,0,12,0,
4,septiembre,9,34,0,13,0,
5,enero,1,1,0,0,0,
5,,2,1,0,0,0,
5,marzo,3,1,0,0,0,
5,abril,4,1,0,0,0,
5,mayo,5,1,0,9,0,
5,junio,6,1,0,2,0,
5,julio,7,1,0,12,0,
5,agosto,8,1,0,1,0,
5,septiembre,9,1,0,2,0,
5,enero,1,2,0,0,0,
5,,2,2,0,0,0,
5,marzo,3,2,0,0,0,
5,abril,4,2,0,0,0,
5,mayo,5,2,0,9,0,
5,junio,6,2,0,2,0,
5,julio,7,2,0,12,0,
5,agosto,8,2,0,1,0,
5,septiembre,9,2,0,2,0,
5,enero,1,3,0,0,0,
5,,2,3,0,0,0,
5,marzo,3,3,0,0,0,
5,abril,4,3,0,0,0,
5,mayo,5,3,3,9,0,
5,junio,6,3,1,2,3,
5,julio,7,3,3,12,1,
5,agosto,8,3,0,1,3,
5,septiembre,9,3,0,2,0,
5,enero,1,4,0,0,0,
5,,2,4,0,0,0,
5,marzo,3,4,0,0,0,
5,abril,4,4,0,0,0,
5,mayo,5,4,0,9,0,
5,junio,6,4,0,2,0,
5,julio,7,4,0,12,0,
5,agosto,8,4,0,1,0,
5,septiembre,9,4,0,2,0,
5,enero,1,5,0,0,0,
5,,2,5,0,0,0,
5,marzo,3,5,0,0,0,
5,abril,4,5,0,0,0,
5,mayo,5,5,0,9,0,
5,junio,6,5,0,2,0,
5,julio,7,5,0,12,0,
5,agosto,8,5,0,1,0,
5,septiembre,9,5,0,2,0,
5,enero,1,6,0,0,0,
5,,2,6,0,0,0,
5,marzo,3,6,0,0,0,
5,abril,4,6,0,0,0,
5,mayo,5,6,1,9,0,
5,junio,6,6,0,2,1,
5,julio,7,6,2,12,0,
5,agosto,8,6,0,1,2,
5,septiembre,9,6,0,2,0,
5,enero,1,7,0,0,0,
5,,2,7,0,0,0,
5,marzo,3,7,0,0,0,
5,abril,4,7,0,0,0,
5,mayo,5,7,0,9,0,
5,junio,6,7,0,2,0,
5,julio,7,7,0,12,0,
5,agosto,8,7,0,1,0,
5,septiembre,9,7,0,2,0,
5,enero,1,8,0,0,0,
5,,2,8,0,0,0,
5,marzo,3,8,0,0,0,
5,abril,4,8,0,0,0,
5,mayo,5,8,0,9,0,
5,junio,6,8,0,2,0,
5,julio,7,8,0,12,0,
5,agosto,8,8,0,1,0,
5,septiembre,9,8,0,2,0,
5,enero,1,9,0,0,0,
5,,2,9,0,0,0,
5,marzo,3,9,0,0,0,
5,abril,4,9,0,0,0,
5,mayo,5,9,2,9,0,
5,junio,6,9,1,2,2,
5,julio,7,9,2,12,1,
5,agosto,8,9,0,1,2,
5,septiembre,9,9,1,2,0,
5,enero,1,10,0,0,0,
5,,2,10,0,0,0,
5,marzo,3,10,0,0,0,
5,abril,4,10,0,0,0,
5,mayo,5,10,2,9,0,
5,junio,6,10,0,2,2,
5,julio,7,10,0,12,0,
5,agosto,8,10,0,1,0,
5,septiembre,9,10,0,2,0,
5,enero,1,11,0,0,0,
5,,2,11,0,0,0,
5,marzo,3,11,0,0,0,
5,abril,4,11,0,0,0,
5,mayo,5,11,1,9,0,
5,junio,6,11,0,2,1,
5,julio,7,11,0,12,0,
5,agosto,8,11,0,1,0,
5,septiembre,9,11,0,2,0,
5,enero,1,12,0,0,0,
5,,2,12,0,0,0,
5,marzo,3,12,0,0,0,
5,abril,4,12,0,0,0,
5,mayo,5,12,0,9,0,
5,junio,6,12,0,2,0,
5,julio,7,12,0,12,0,
5,agosto,8,12,0,1,0,
5,septiembre,9,12,0,2,0,
5,enero,1,13,0,0,0,
5,,2,13,0,0,0,
5,marzo,3,13,0,0,0,
5,abril,4,13,0,0,0,
5,mayo,5,13,0,9,0,
5,junio,6,13,0,2,0,
5,julio,7,13,1,12,0,
5,agosto,8,13,0,1,1,
5,septiembre,9,13,1,2,0,
5,enero,1,14,0,0,0,
5,,2,14,0,0,0,
5,marzo,3,14,0,0,0,
5,abril,4,14,0,0,0,
5,mayo,5,14,0,9,0,
5,junio,6,14,0,2,0,
5,julio,7,14,0,12,0,
5,agosto,8,14,0,1,0,
5,septiembre,9,14,0,2,0,
5,enero,1,15,0,0,0,
5,,2,15,0,0,0,
5,marzo,3,15,0,0,0,
5,abril,4,15,0,0,0,
5,mayo,5,15,0,9,0,
5,junio,6,15,0,2,0,
5,julio,7,15,0,12,0,
5,agosto,8,15,0,1,0,
5,septiembre,9,15,0,2,0,
5,enero,1,16,0,0,0,
5,,2,16,0,0,0,
5,marzo,3,16,0,0,0,
5,abril,4,16,0,0,0,
5,mayo,5,16,0,9,0,
5,junio,6,16,0,2,0,
5,julio,7,16,0,12,0,
5,agosto,8,16,0,1,0,
5,septiembre,9,16,0,2,0,
5,enero,1,17,0,0,0,
5,,2,17,0,0,0,
5,marzo,3,17,0,0,0,
5,abril,4,17,0,0,0,
5,mayo,5,17,0,9,0,
5,junio,6,17,0,2,0,
5,julio,7,17,2,12,0,
5,agosto,8,17,1,1,2,
5,septiembre,9,17,0,2,1,
5,enero,1,18,0,0,0,
5,,2,18,0,0,0,
5,marzo,3,18,0,0,0,
5,abril,4,18,0,0,0,
5,mayo,5,18,0,9,0,
5,junio,6,18,0,2,0,
5,julio,7,18,0,12,0,
5,agosto,8,18,0,1,0,
5,septiembre,9,18,0,2,0,
5,enero,1,19,0,0,0,
5,,2,19,0,0,0,
5,marzo,3,19,0,0,0,
5,abril,4,19,0,0,0,
5,mayo,5,19,0,9,0,
5,junio,6,19,0,2,0,
5,julio,7,19,1,12,0,
5,agosto,8,19,0,1,1,
5,septiembre,9,19,0,2,0,
5,enero,1,20,0,0,0,
5,,2,20,0,0,0,
5,marzo,3,20,0,0,0,
5,abril,4,20,0,0,0,
5,mayo,5,20,0,9,0,
5,junio,6,20,0,2,0,
5,julio,7,20,0,12,0,
5,agosto,8,20,0,1,0,
5,septiembre,9,20,0,2,0,
5,enero,1,21,0,0,0,
5,,2,21,0,0,0,
5,marzo,3,21,0,0,0,
5,abril,4,21,0,0,0,
5,mayo,5,21,0,9,0,
5,junio,6,21,0,2,0,
5,julio,7,21,0,12,0,
5,agosto,8,21,0,1,0,
5,septiembre,9,21,0,2,0,
5,enero,1,22,0,0,0,
5,,2,22,0,0,0,
5,marzo,3,22,0,0,0,
5,abril,4,22,0,0,0,
5,mayo,5,22,0,9,0,
5,junio,6,22,0,2,0,
5,julio,7,22,1,12,0,
5,agosto,8,22,0,1,1,
5,septiembre,9,22,0,2,0,
5,enero,1,23,0,0,0,
5,,2,23,0,0,0,
5,marzo,3,23,0,0,0,
5,abril,4,23,0,0,0,
5,mayo,5,23,0,9,0,
5,junio,6,23,0,2,0,
5,julio,7,23,0,12,0,
5,agosto,8,23,0,1,0,
5,septiembre,9,23,0,2,0,
5,enero,1,24,0,0,0,
5,,2,24,0,0,0,
5,marzo,3,24,0,0,0,
5,abril,4,24,0,0,0,
5,mayo,5,24,0,9,0,
5,junio,6,24,0,2,0,
5,julio,7,24,0,12,0,
5,agosto,8,24,0,1,0,
5,septiembre,9,24,0,2,0,
5,enero,1,25,0,0,0,
5,,2,25,0,0,0,
5,marzo,3,25,0,0,0,
5,abril,4,25,0,0,0,
5,mayo,5,25,0,9,0,
5,junio,6,25,0,2,0,
5,julio,7,25,0,12,0,
5,agosto,8,25,0,1,0,
5,septiembre,9,25,0,2,0,
5,enero,1,26,0,0,0,
5,,2,26,0,0,0,
5,marzo,3,26,0,0,0,
5,abril,4,26,0,0,0,
5,mayo,5,26,0,9,0,
5,junio,6,26,0,2,0,
5,julio,7,26,0,12,0,
5,agosto,8,26,0,1,0,
5,septiembre,9,26,0,2,0,
5,enero,1,27,0,0,0,
5,,2,27,0,0,0,
5,marzo,3,27,0,0,0,
5,abril,4,27,0,0,0,
5,mayo,5,27,0,9,0,
5,junio,6,27,0,2,0,
5,julio,7,27,0,12,0,
5,agosto,8,27,0,1,0,
5,septiembre,9,27,0,2,0,
5,enero,1,28,0,0,0,
5,,2,28,0,0,0,
5,marzo,3,28,0,0,0,
5,abril,4,28,0,0,0,
5,mayo,5,28,0,9,0,
5,junio,6,28,0,2,0,
5,julio,7,28,0,12,0,
5,agosto,8,28,0,1,0,
5,septiembre,9,28,0,2,0,
5,enero,1,29,0,0,0,
5,,2,29,0,0,0,
5,marzo,3,29,0,0,0,
5,abril,4,29,0,0,0,
5,mayo,5,29,0,9,0,
5,junio,6,29,0,2,0,
5,julio,7,29,0,12,0,
5,agosto,8,29,0,1,0,
5,septiembre,9,29,0,2,0,
5,enero,1,30,0,0,0,
5,,2,30,0,0,0,
5,marzo,3,30,0,0,0,
5,abril,4,30,0,0,0,
5,mayo,5,30,0,9,0,
5,junio,6,30,0,2,0,
5,julio,7,30,0,12,0,
5,agosto,8,30,0,1,0,
5,septiembre,9,30,0,2,0,
5,enero,1,31,0,0,0,
5,,2,31,0,0,0,
5,marzo,3,31,0,0,0,
5,abril,4,31,0,0,0,
5,mayo,5,31,0,9,0,
5,junio,6,31,0,2,0,
5,julio,7,31,0,12,0,
5,agosto,8,31,0,1,0,
5,septiembre,9,31,0,2,0,
5,enero,1,32,0,0,0,
5,,2,32,0,0,0,
5,marzo,3,32,0,0,0,
5,abril,4,32,0,0,0,
5,mayo,5,32,0,9,0,
5,junio,6,32,0,2,0,
5,julio,7,32,0,12,0,
5,agosto,8,32,0,1,0,
5,septiembre,9,32,0,2,0,
5,enero,1,33,0,0,0,
5,,2,33,0,0,0,
5,marzo,3,33,0,0,0,
5,abril,4,33,0,0,0,
5,mayo,5,33,0,9,0,
5,junio,6,33,0,2,0,
5,julio,7,33,0,12,0,
5,agosto,8,33,0,1,0,
5,septiembre,9,33,0,2,0,
5,enero,1,34,0,0,0,
5,,2,34,0,0,0,
5,marzo,3,34,0,0,0,
5,abril,4,34,0,0,0,
5,mayo,5,34,0,9,0,
5,junio,6,34,0,2,0,
5,julio,7,34,0,12,0,
5,agosto,8,34,0,1,0,
5,septiembre,9,34,0,2,0,
6,enero,1,1,0,7,0,
6,,2,1,2,7,0,
6,marzo,3,1,0,10,2,
6,abril,4,1,0,6,0,
6,mayo,5,1,1,7,0,
6,junio,6,1,2,7,1,
6,julio,7,1,0,16,2,
6,agosto,8,1,0,5,0,
6,septiembre,9,1,0,2,0,
6,enero,1,2,2,7,2,
6,,2,2,2,7,2,
6,marzo,3,2,3,10,2,
6,abril,4,2,2,6,3,
6,mayo,5,2,0,7,2,
6,junio,6,2,2,7,0,
6,julio,7,2,2,16,2,
6,agosto,8,2,0,5,2,
6,septiembre,9,2,0,2,0,
6,enero,1,3,3,7,3,
6,,2,3,0,7,3,
6,marzo,3,3,1,10,0,
6,abril,4,3,0,6,1,
6,mayo,5,3,1,7,0,
6,junio,6,3,0,7,1,
6,julio,7,3,1,16,0,
6,agosto,8,3,1,5,1,
6,septiembre,9,3,0,2,1,
6,enero,1,4,1,7,1,
6,,2,4,0,7,1,
6,marzo,3,4,2,10,0,
6,abril,4,4,0,6,2,
6,mayo,5,4,0,7,0,
6,junio,6,4,0,7,0,
6,julio,7,4,0,16,0,
6,agosto,8,4,0,5,0,
6,septiembre,9,4,0,2,0,
6,enero,1,5,0,7,0,
6,,2,5,0,7,0,
6,marzo,3,5,0,10,0,
6,abril,4,5,0,6,0,
6,mayo,5,5,0,7,0,
6,junio,6,5,0,7,0,
6,julio,7,5,0,16,0,
6,agosto,8,5,0,5,0,
6,septiembre,9,5,0,2,0,
6,enero,1,6,0,7,0,
6,,2,6,0,7,0,
6,marzo,3,6,0,10,0,
6,abril,4,6,0,6,0,
6,mayo,5,6,2,7,0,
6,junio,6,6,1,7,2,
6,julio,7,6,0,16,1,
6,agosto,8,6,0,5,0,
6,septiembre,9,6,0,2,0,
6,enero,1,7,0,7,0,
6,,2,7,0,7,0,
6,marzo,3,7,0,10,0,
6,abril,4,7,0,6,0,
6,mayo,5,7,1,7,0,
6,junio,6,7,0,7,1,
6,julio,7,7,0,16,0,
6,agosto,8,7,0,5,0,
6,septiembre,9,7,0,2,0,
6,enero,1,8,0,7,0,
6,,2,8,0,7,0,
6,marzo,3,8,0,10,0,
6,abril,4,8,0,6,0,
6,mayo,5,8,0,7,0,
6,junio,6,8,0,7,0,
6,julio,7,8,0,16,0,
6,agosto,8,8,0,5,0,
6,septiembre,9,8,0,2,0,
6,enero,1,9,0,7,0,
6,,2,9,0,7,0,
6,marzo,3,9,0,10,0,
6,abril,4,9,0,6,0,
6,mayo,5,9,0,7,0,
6,junio,6,9,0,7,0,
6,julio,7,9,0,16,0,
6,agosto,8,9,1,5,0,
6,septiembre,9,9,0,2,1,
6,enero,1,10,0,7,0,
6,,2,10,0,7,0,
6,marzo,3,10,0,10,0,
6,abril,4,10,0,6,0,
6,mayo,5,10,0,7,0,
6,junio,6,10,0,7,0,
6,julio,7,10,1,16,0,
6,agosto,8,10,0,5,1,
6,septiembre,9,10,0,2,0,
6,enero,1,11,0,7,0,
6,,2,11,0,7,0,
6,marzo,3,11,0,10,0,
6,abril,4,11,0,6,0,
6,mayo,5,11,0,7,0,
6,junio,6,11,0,7,0,
6,julio,7,11,3,16,0,
6,agosto,8,11,0,5,3,
6,septiembre,9,11,0,2,0,
6,enero,1,12,0,7,0,
6,,2,12,1,7,0,
6,marzo,3,12,0,10,1,
6,abril,4,12,0,6,0,
6,mayo,5,12,0,7,0,
6,junio,6,12,0,7,0,
6,julio,7,12,0,16,0,
6,agosto,8,12,0,5,0,
6,septiembre,9,12,0,2,0,
6,enero,1,13,0,7,0,
6,,2,13,0,7,0,
6,marzo,3,13,0,10,0,
6,abril,4,13,0,6,0,
6,mayo,5,13,0,7,0,
6,junio,6,13,0,7,0,
6,julio,7,13,1,16,0,
6,agosto,8,13,0,5,1,
6,septiembre,9,13,0,2,0,
6,enero,1,14,0,7,0,
6,,2,14,0,7,0,
6,marzo,3,14,1,10,0,
6,abril,4,14,1,6,1,
6,mayo,5,14,1,7,1,
6,junio,6,14,0,7,1,
6,julio,7,14,0,16,0,
6,agosto,8,14,0,5,0,
6,septiembre,9,14,0,2,0,
6,enero,1,15,0,7,0,
6,,2,15,0,7,0,
6,marzo,3,15,0,10,0,
6,abril,4,15,0,6,0,
6,mayo,5,15,0,7,0,
6,junio,6,15,0,7,0,
6,julio,7,15,0,16,0,
6,agosto,8,15,0,5,0,
6,septiembre,9,15,0,2,0,
6,enero,1,16,1,7,1,
6,,2,16,1,7,1,
6,marzo,3,16,0,10,1,
6,abril,4,16,3,6,0,
6,mayo,5,16,1,7,3,
6,junio,6,16,2,7,1,
6,julio,7,16,2,16,2,
6,agosto,8,16,0,5,2,
6,septiembre,9,16,0,2,0,
6,enero,1,17,0,7,0,
6,,2,17,0,7,0,
6,marzo,3,17,0,10,0,
6,abril,4,17,0,6,0,
6,mayo,5,17,0,7,0,
6,junio,6,17,0,7,0,
6,julio,7,17,0,16,0,
6,agosto,8,17,0,5,0,
6,septiembre,9,17,1,2,0,
6,enero,1,18,0,7,0,
6,,2,18,0,7,0,
6,marzo,3,18,0,10,0,
6,abril,4,18,0,6,0,
6,mayo,5,18,0,7,0,
6,junio,6,18,0,7,0,
6,julio,7,18,0,16,0,
6,agosto,8,18,0,5,0,
6,septiembre,9,18,0,2,0,
6,enero,1,19,0,7,0,
6,,2,19,0,7,0,
6,marzo,3,19,0,10,0,
6,abril,4,19,0,6,0,
6,mayo,5,19,0,7,0,
6,junio,6,19,0,7,0,
6,julio,7,19,0,16,0,
6,agosto,8,19,1,5,0,
6,septiembre,9,19,1,2,1,
6,enero,1,20,0,7,0,
6,,2,20,0,7,0,
6,marzo,3,20,0,10,0,
6,abril,4,20,0,6,0,
6,mayo,5,20,0,7,0,
6,junio,6,20,0,7,0,
6,julio,7,20,0,16,0,
6,agosto,8,20,0,5,0,
6,septiembre,9,20,0,2,0,
6,enero,1,21,0,7,0,
6,,2,21,0,7,0,
6,marzo,3,21,0,10,0,
6,abril,4,21,0,6,0,
6,mayo,5,21,0,7,0,
6,junio,6,21,0,7,0,
6,julio,7,21,0,16,0,
6,agosto,8,21,0,5,0,
6,septiembre,9,21,0,2,0,
6,enero,1,22,0,7,0,
6,,2,22,0,7,0,
6,marzo,3,22,0,10,0,
6,abril,4,22,0,6,0,
6,mayo,5,22,0,7,0,
6,junio,6,22,0,7,0,
6,julio,7,22,2,16,0,
6,agosto,8,22,2,5,2,
6,septiembre,9,22,0,2,2,
6,enero,1,23,0,7,0,
6,,2,23,0,7,0,
6,marzo,3,23,0,10,0,
6,abril,4,23,0,6,0,
6,mayo,5,23,0,7,0,
6,junio,6,23,0,7,0,
6,julio,7,23,2,16,0,
6,agosto,8,23,0,5,2,
6,septiembre,9,23,0,2,0,
6,enero,1,24,0,7,0,
6,,2,24,0,7,0,
6,marzo,3,24,0,10,0,
6,abril,4,24,0,6,0,
6,mayo,5,24,0,7,0,
6,junio,6,24,0,7,0,
6,julio,7,24,2,16,0,
6,agosto,8,24,0,5,2,
6,septiembre,9,24,0,2,0,
6,enero,1,25,0,7,0,
6,,2,25,0,7,0,
6,marzo,3,25,0,10,0,
6,abril,4,25,0,6,0,
6,mayo,5,25,0,7,0,
6,junio,6,25,0,7,0,
6,julio,7,25,0,16,0,
6,agosto,8,25,0,5,0,
6,septiembre,9,25,0,2,0,
6,enero,1,26,0,7,0,
6,,2,26,0,7,0,
6,marzo,3,26,0,10,0,
6,abril,4,26,0,6,0,
6,mayo,5,26,0,7,0,
6,junio,6,26,0,7,0,
6,julio,7,26,0,16,0,
6,agosto,8,26,0,5,0,
6,septiembre,9,26,0,2,0,
6,enero,1,27,0,7,0,
6,,2,27,0,7,0,
6,marzo,3,27,0,10,0,
6,abril,4,27,0,6,0,
6,mayo,5,27,0,7,0,
6,junio,6,27,0,7,0,
6,julio,7,27,0,16,0,
6,agosto,8,27,0,5,0,
6,septiembre,9,27,0,2,0,
6,enero,1,28,0,7,0,
6,,2,28,0,7,0,
6,marzo,3,28,0,10,0,
6,abril,4,28,0,6,0,
6,mayo,5,28,0,7,0,
6,junio,6,28,0,7,0,
6,julio,7,28,0,16,0,
6,agosto,8,28,0,5,0,
6,septiembre,9,28,0,2,0,
6,enero,1,29,0,7,0,
6,,2,29,1,7,0,
6,marzo,3,29,3,10,1,
6,abril,4,29,0,6,3,
6,mayo,5,29,0,7,0,
6,junio,6,29,0,7,0,
6,julio,7,29,0,16,0,
6,agosto,8,29,0,5,0,
6,septiembre,9,29,0,2,0,
6,enero,1,30,0,7,0,
6,,2,30,0,7,0,
6,marzo,3,30,0,10,0,
6,abril,4,30,0,6,0,
6,mayo,5,30,0,7,0,
6,junio,6,30,0,7,0,
6,julio,7,30,0,16,0,
6,agosto,8,30,0,5,0,
6,septiembre,9,30,0,2,0,
6,enero,1,31,0,7,0,
6,,2,31,0,7,0,
6,marzo,3,31,0,10,0,
6,abril,4,31,0,6,0,
6,mayo,5,31,0,7,0,
6,junio,6,31,0,7,0,
6,julio,7,31,0,16,0,
6,agosto,8,31,0,5,0,
6,septiembre,9,31,0,2,0,
6,enero,1,32,0,7,0,
6,,2,32,0,7,0,
6,marzo,3,32,0,10,0,
6,abril,4,32,0,6,0,
6,mayo,5,32,0,7,0,
6,junio,6,32,0,7,0,
6,julio,7,32,0,16,0,
6,agosto,8,32,0,5,0,
6,septiembre,9,32,0,2,0,
6,enero,1,33,0,7,0,
6,,2,33,0,7,0,
6,marzo,3,33,0,10,0,
6,abril,4,33,0,6,0,
6,mayo,5,33,0,7,0,
6,junio,6,33,0,7,0,
6,julio,7,33,0,16,0,
6,agosto,8,33,0,5,0,
6,septiembre,9,33,0,2,0,
6,enero,1,34,0,7,0,
6,,2,34,0,7,0,
6,marzo,3,34,0,10,0,
6,abril,4,34,0,6,0,
6,mayo,5,34,0,7,0,
6,junio,6,34,0,7,0,
6,julio,7,34,0,16,0,
6,agosto,8,34,0,5,0,
6,septiembre,9,34,0,2,0,
7,enero,1,1,0,3,0,
7,,2,1,2,8,0,
7,marzo,3,1,0,12,2,
7,abril,4,1,0,9,0,
7,mayo,5,1,0,7,0,
7,junio,6,1,0,1,0,
7,julio,7,1,0,1,0,
7,agosto,8,1,0,8,0,
7,septiembre,9,1,0,14,0,
7,enero,1,2,0,3,0,
7,,2,2,0,8,0,
7,marzo,3,2,7,12,0,
7,abril,4,2,1,9,7,
7,mayo,5,2,0,7,1,
7,junio,6,2,0,1,0,
7,julio,7,2,0,1,0,
7,agosto,8,2,2,8,0,
7,septiembre,9,2,1,14,2,
7,enero,1,3,0,3,0,
7,,2,3,0,8,0,
7,marzo,3,3,1,12,0,
7,abril,4,3,1,9,1,
7,mayo,5,3,2,7,1,
7,junio,6,3,0,1,2,
7,julio,7,3,1,1,0,
7,agosto,8,3,0,8,1,
7,septiembre,9,3,1,14,0,
7,enero,1,4,0,3,0,
7,,2,4,0,8,0,
7,marzo,3,4,1,12,0,
7,abril,4,4,0,9,1,
7,mayo,5,4,0,7,0,
7,junio,6,4,0,1,0,
7,julio,7,4,0,1,0,
7,agosto,8,4,0,8,0,
7,septiembre,9,4,0,14,0,
7,enero,1,5,1,3,1,
7,,2,5,1,8,1,
7,marzo,3,5,0,12,1,
7,abril,4,5,0,9,0,
7,mayo,5,5,0,7,0,
7,junio,6,5,0,1,0,
7,julio,7,5,0,1,0,
7,agosto,8,5,0,8,0,
7,septiembre,9,5,0,14,0,
7,enero,1,6,1,3,1,
7,,2,6,1,8,1,
7,marzo,3,6,0,12,1,
7,abril,4,6,1,9,0,
7,mayo,5,6,0,7,1,
7,junio,6,6,0,1,0,
7,julio,7,6,0,1,0,
7,agosto,8,6,0,8,0,
7,septiembre,9,6,0,14,0,
7,enero,1,7,0,3,0,
7,,2,7,0,8,0,
7,marzo,3,7,0,12,0,
7,abril,4,7,0,9,0,
7,mayo,5,7,0,7,0,
7,junio,6,7,0,1,0,
7,julio,7,7,0,1,0,
7,agosto,8,7,0,8,0,
7,septiembre,9,7,0,14,0,
7,enero,1,8,0,3,0,
7,,2,8,0,8,0,
7,marzo,3,8,0,12,0,
7,abril,4,8,0,9,0,
7,mayo,5,8,0,7,0,
7,junio,6,8,0,1,0,
7,julio,7,8,0,1,0,
7,agosto,8,8,0,8,0,
7,septiembre,9,8,0,14,0,
7,enero,1,9,0,3,0,
7,,2,9,0,8,0,
7,marzo,3,9,0,12,0,
7,abril,4,9,3,9,0,
7,mayo,5,9,1,7,3,
7,junio,6,9,0,1,1,
7,julio,7,9,0,1,0,
7,agosto,8,9,3,8,0,
7,septiembre,9,9,0,14,3,
7,enero,1,10,0,3,0,
7,,2,10,0,8,0,
7,marzo,3,10,1,12,0,
7,abril,4,10,1,9,1,
7,mayo,5,10,0,7,1,
7,junio,6,10,0,1,0,
7,julio,7,10,0,1,0,
7,agosto,8,10,1,8,0,
7,septiembre,9,10,0,14,1,
7,enero,1,11,0,3,0,
7,,2,11,0,8,0,
7,marzo,3,11,0,12,0,
7,abril,4,11,0,9,0,
7,mayo,5,11,0,7,0,
7,junio,6,11,0,1,0,
7,julio,7,11,0,1,0,
7,agosto,8,11,0,8,0,
7,septiembre,9,11,0,14,0,
7,enero,1,12,0,3,0,
7,,2,12,0,8,0,
7,marzo,3,12,0,12,0,
7,abril,4,12,0,9,0,
7,mayo,5,12,0,7,0,
7,junio,6,12,0,1,0,
7,julio,7,12,0,1,0,
7,agosto,8,12,0,8,0,
7,septiembre,9,12,0,14,0,
7,enero,1,13,0,3,0,
7,,2,13,0,8,0,
7,marzo,3,13,0,12,0,
7,abril,4,13,1,9,0,
7,mayo,5,13,1,7,1,
7,junio,6,13,0,1,1,
7,julio,7,13,0,1,0,
7,agosto,8,13,0,8,0,
7,septiembre,9,13,2,14,0,
7,enero,1,14,0,3,0,
7,,2,14,1,8,0,
7,marzo,3,14,0,12,1,
7,abril,4,14,0,9,0,
7,mayo,5,14,0,7,0,
7,junio,6,14,0,1,0,
7,julio,7,14,0,1,0,
7,agosto,8,14,0,8,0,
7,septiembre,9,14,1,14,0,
7,enero,1,15,0,3,0,
7,,2,15,0,8,0,
7,marzo,3,15,0,12,0,
7,abril,4,15,0,9,0,
7,mayo,5,15,0,7,0,
7,junio,6,15,0,1,0,
7,julio,7,15,0,1,0,
7,agosto,8,15,0,8,0,
7,septiembre,9,15,1,14,0,
7,enero,1,16,0,3,0,
7,,2,16,1,8,0,
7,marzo,3,16,1,12,1,
7,abril,4,16,1,9,1,
7,mayo,5,16,2,7,1,
7,junio,6,16,1,1,2,
7,julio,7,16,0,1,1,
7,agosto,8,16,0,8,0,
7,septiembre,9,16,0,14,0,
7,enero,1,17,0,3,0,
7,,2,17,0,8,0,
7,marzo,3,17,0,12,0,
7,abril,4,17,0,9,0,
7,mayo,5,17,0,7,0,
7,junio,6,17,0,1,0,
7,julio,7,17,0,1,0,
7,agosto,8,17,0,8,0,
7,septiembre,9,17,0,14,0,
7,enero,1,18,0,3,0,
7,,2,18,0,8,0,
7,marzo,3,18,0,12,0,
7,abril,4,18,0,9,0,
7,mayo,5,18,0,7,0,
7,junio,6,18,0,1,0,
7,julio,7,18,0,1,0,
7,agosto,8,18,2,8,0,
7,septiembre,9,18,6,14,2,
7,enero,1,19,0,3,0,
7,,2,19,0,8,0,
7,marzo,3,19,0,12,0,
7,abril,4,19,0,9,0,
7,mayo,5,19,0,7,0,
7,junio,6,19,0,1,0,
7,julio,7,19,0,1,0,
7,agosto,8,19,0,8,0,
7,septiembre,9,19,1,14,0,
7,enero,1,20,0,3,0,
7,,2,20,0,8,0,
7,marzo,3,20,0,12,0,
7,abril,4,20,0,9,0,
7,mayo,5,20,0,7,0,
7,junio,6,20,0,1,0,
7,julio,7,20,0,1,0,
7,agosto,8,20,0,8,0,
7,septiembre,9,20,0,14,0,
7,enero,1,21,0,3,0,
7,,2,21,0,8,0,
7,marzo,3,21,0,12,0,
7,abril,4,21,0,9,0,
7,mayo,5,21,0,7,0,
7,junio,6,21,0,1,0,
7,julio,7,21,0,1,0,
7,agosto,8,21,0,8,0,
7,septiembre,9,21,0,14,0,
7,enero,1,22,0,3,0,
7,,2,22,0,8,0,
7,marzo,3,22,0,12,0,
7,abril,4,22,0,9,0,
7,mayo,5,22,0,7,0,
7,junio,6,22,0,1,0,
7,julio,7,22,0,1,0,
7,agosto,8,22,0,8,0,
7,septiembre,9,22,0,14,0,
7,enero,1,23,0,3,0,
7,,2,23,0,8,0,
7,marzo,3,23,0,12,0,
7,abril,4,23,0,9,0,
7,mayo,5,23,0,7,0,
7,junio,6,23,0,1,0,
7,julio,7,23,0,1,0,
7,agosto,8,23,0,8,0,
7,septiembre,9,23,0,14,0,
7,enero,1,24,0,3,0,
7,,2,24,0,8,0,
7,marzo,3,24,0,12,0,
7,abril,4,24,0,9,0,
7,mayo,5,24,0,7,0,
7,junio,6,24,0,1,0,
7,julio,7,24,0,1,0,
7,agosto,8,24,0,8,0,
7,septiembre,9,24,0,14,0,
7,enero,1,25,0,3,0,
7,,2,25,0,8,0,
7,marzo,3,25,0,12,0,
7,abril,4,25,0,9,0,
7,mayo,5,25,0,7,0,
7,junio,6,25,0,1,0,
7,julio,7,25,0,1,0,
7,agosto,8,25,0,8,0,
7,septiembre,9,25,1,14,0,
7,enero,1,26,0,3,0,
7,,2,26,0,8,0,
7,marzo,3,26,0,12,0,
7,abril,4,26,0,9,0,
7,mayo,5,26,0,7,0,
7,junio,6,26,0,1,0,
7,julio,7,26,0,1,0,
7,agosto,8,26,0,8,0,
7,septiembre,9,26,0,14,0,
7,enero,1,27,0,3,0,
7,,2,27,0,8,0,
7,marzo,3,27,0,12,0,
7,abril,4,27,0,9,0,
7,mayo,5,27,0,7,0,
7,junio,6,27,0,1,0,
7,julio,7,27,0,1,0,
7,agosto,8,27,0,8,0,
7,septiembre,9,27,0,14,0,
7,enero,1,28,0,3,0,
7,,2,28,0,8,0,
7,marzo,3,28,0,12,0,
7,abril,4,28,0,9,0,
7,mayo,5,28,0,7,0,
7,junio,6,28,0,1,0,
7,julio,7,28,0,1,0,
7,agosto,8,28,0,8,0,
7,septiembre,9,28,0,14,0,
7,enero,1,29,1,3,1,
7,,2,29,2,8,1,
7,marzo,3,29,1,12,2,
7,abril,4,29,0,9,1,
7,mayo,5,29,1,7,0,
7,junio,6,29,0,1,1,
7,julio,7,29,0,1,0,
7,agosto,8,29,0,8,0,
7,septiembre,9,29,0,14,0,
7,enero,1,30,0,3,0,
7,,2,30,0,8,0,
7,marzo,3,30,0,12,0,
7,abril,4,30,0,9,0,
7,mayo,5,30,0,7,0,
7,junio,6,30,0,1,0,
7,julio,7,30,0,1,0,
7,agosto,8,30,0,8,0,
7,septiembre,9,30,0,14,0,
7,enero,1,31,0,3,0,
7,,2,31,0,8,0,
7,marzo,3,31,0,12,0,
7,abril,4,31,0,9,0,
7,mayo,5,31,0,7,0,
7,junio,6,31,0,1,0,
7,julio,7,31,0,1,0,
7,agosto,8,31,0,8,0,
7,septiembre,9,31,0,14,0,
7,enero,1,32,0,3,0,
7,,2,32,0,8,0,
7,marzo,3,32,0,12,0,
7,abril,4,32,0,9,0,
7,mayo,5,32,0,7,0,
7,junio,6,32,0,1,0,
7,julio,7,32,0,1,0,
7,agosto,8,32,0,8,0,
7,septiembre,9,32,0,14,0,
7,enero,1,33,0,3,0,
7,,2,33,0,8,0,
7,marzo,3,33,0,12,0,
7,abril,4,33,0,9,0,
7,mayo,5,33,0,7,0,
7,junio,6,33,0,1,0,
7,julio,7,33,0,1,0,
7,agosto,8,33,0,8,0,
7,septiembre,9,33,0,14,0,
7,enero,1,34,0,3,0,
7,,2,34,0,8,0,
7,marzo,3,34,0,12,0,
7,abril,4,34,0,9,0,
7,mayo,5,34,0,7,0,
7,junio,6,34,0,1,0,
7,julio,7,34,0,1,0,
7,agosto,8,34,0,8,0,
7,septiembre,9,34,0,14,0,
8,enero,1,1,3,8,3,
8,,2,1,1,4,3,
8,marzo,3,1,0,7,1,
8,abril,4,1,1,5,0,
8,mayo,5,1,0,5,1,
8,junio,6,1,0,14,0,
8,julio,7,1,0,9,0,
8,agosto,8,1,0,4,0,
8,septiembre,9,1,0,8,0,
8,enero,1,2,1,8,1,
8,,2,2,0,4,1,
8,marzo,3,2,1,7,0,
8,abril,4,2,0,5,1,
8,mayo,5,2,0,5,0,
8,junio,6,2,2,14,0,
8,julio,7,2,0,9,2,
8,agosto,8,2,1,4,0,
8,septiembre,9,2,0,8,1,
8,enero,1,3,0,8,0,
8,,2,3,0,4,0,
8,marzo,3,3,0,7,0,
8,abril,4,3,0,5,0,
8,mayo,5,3,0,5,0,
8,junio,6,3,0,14,0,
8,julio,7,3,0,9,0,
8,agosto,8,3,0,4,0,
8,septiembre,9,3,0,8,0,
8,enero,1,4,0,8,0,
8,,2,4,0,4,0,
8,marzo,3,4,0,7,0,
8,abril,4,4,0,5,0,
8,mayo,5,4,0,5,0,
8,junio,6,4,0,14,0,
8,julio,7,4,0,9,0,
8,agosto,8,4,0,4,0,
8,septiembre,9,4,0,8,0,
8,enero,1,5,1,8,1,
8,,2,5,0,4,1,
8,marzo,3,5,0,7,0,
8,abril,4,5,0,5,0,
8,mayo,5,5,1,5,0,
8,junio,6,5,0,14,1,
8,julio,7,5,0,9,0,
8,agosto,8,5,0,4,0,
8,septiembre,9,5,0,8,0,
8,enero,1,6,0,8,0,
8,,2,6,0,4,0,
8,marzo,3,6,1,7,0,
8,abril,4,6,1,5,1,
8,mayo,5,6,0,5,1,
8,junio,6,6,0,14,0,
8,julio,7,6,0,9,0,
8,agosto,8,6,0,4,0,
8,septiembre,9,6,1,8,0,
8,enero,1,7,2,8,2,
8,,2,7,0,4,2,
8,marzo,3,7,0,7,0,
8,abril,4,7,0,5,0,
8,mayo,5,7,0,5,0,
8,junio,6,7,0,14,0,
8,julio,7,7,0,9,0,
8,agosto,8,7,0,4,0,
8,septiembre,9,7,0,8,0,
8,enero,1,8,1,8,1,
8,,2,8,0,4,1,
8,marzo,3,8,0,7,0,
8,abril,4,8,0,5,0,
8,mayo,5,8,0,5,0,
8,junio,6,8,0,14,0,
8,julio,7,8,0,9,0,
8,agosto,8,8,0,4,0,
8,septiembre,9,8,0,8,0,
8,enero,1,9,0,8,0,
8,,2,9,0,4,0,
8,marzo,3,9,1,7,0,
8,abril,4,9,0,5,1,
8,mayo,5,9,0,5,0,
8,junio,6,9,1,14,0,
8,julio,7,9,0,9,1,
8,agosto,8,9,0,4,0,
8,septiembre,9,9,0,8,0,
8,enero,1,10,0,8,0,
8,,2,10,2,4,0,
8,marzo,3,10,0,7,2,
8,abril,4,10,0,5,0,
8,mayo,5,10,0,5,0,
8,junio,6,10,2,14,0,
8,julio,7,10,0,9,2,
8,agosto,8,10,1,4,0,
8,septiembre,9,10,1,8,1,
8,enero,1,11,0,8,0,
8,,2,11,0,4,0,
8,marzo,3,11,1,7,0,
8,abril,4,11,1,5,1,
8,mayo,5,11,1,5,1,
8,junio,6,11,1,14,1,
8,julio,7,11,1,9,1,
8,agosto,8,11,0,4,1,
8,septiembre,9,11,0,8,0,
8,enero,1,12,0,8,0,
8,,2,12,0,4,0,
8,marzo,3,12,0,7,0,
8,abril,4,12,0,5,0,
8,mayo,5,12,0,5,0,
8,junio,6,12,0,14,0,
8,julio,7,12,0,9,0,
8,agosto,8,12,0,4,0,
8,septiembre,9,12,0,8,0,
8,enero,1,13,0,8,0,
8,,2,13,0,4,0,
8,marzo,3,13,0,7,0,
8,abril,4,13,1,5,0,
8,mayo,5,13,0,5,1,
8,junio,6,13,0,14,0,
8,julio,7,13,2,9,0,
8,agosto,8,13,0,4,2,
8,septiembre,9,13,0,8,0,
8,enero,1,14,0,8,0,
8,,2,14,1,4,0,
8,marzo,3,14,0,7,1,
8,abril,4,14,0,5,0,
8,mayo,5,14,1,5,0,
8,junio,6,14,0,14,1,
8,julio,7,14,0,9,0,
8,agosto,8,14,0,4,0,
8,septiembre,9,14,0,8,0,
8,enero,1,15,0,8,0,
8,,2,15,0,4,0,
8,marzo,3,15,0,7,0,
8,abril,4,15,0,5,0,
8,mayo,5,15,0,5,0,
8,junio,6,15,0,14,0,
8,julio,7,15,0,9,0,
8,agosto,8,15,0,4,0,
8,septiembre,9,15,0,8,0,
8,enero,1,16,0,8,0,
8,,2,16,0,4,0,
8,marzo,3,16,1,7,0,
8,abril,4,16,1,5,1,
8,mayo,5,16,0,5,1,
8,junio,6,16,1,14,0,
8,julio,7,16,0,9,1,
8,agosto,8,16,0,4,0,
8,septiembre,9,16,0,8,0,
8,enero,1,17,0,8,0,
8,,2,17,0,4,0,
8,marzo,3,17,0,7,0,
8,abril,4,17,0,5,0,
8,mayo,5,17,0,5,0,
8,junio,6,17,0,14,0,
8,julio,7,17,0,9,0,
8,agosto,8,17,0,4,0,
8,septiembre,9,17,0,8,0,
8,enero,1,18,0,8,0,
8,,2,18,0,4,0,
8,marzo,3,18,0,7,0,
8,abril,4,18,0,5,0,
8,mayo,5,18,0,5,0,
8,junio,6,18,1,14,0,
8,julio,7,18,0,9,1,
8,agosto,8,18,0,4,0,
8,septiembre,9,18,0,8,0,
8,enero,1,19,0,8,0,
8,,2,19,0,4,0,
8,marzo,3,19,0,7,0,
8,abril,4,19,0,5,0,
8,mayo,5,19,0,5,0,
8,junio,6,19,3,14,0,
8,julio,7,19,2,9,3,
8,agosto,8,19,0,4,2,
8,septiembre,9,19,1,8,0,
8,enero,1,20,0,8,0,
8,,2,20,0,4,0,
8,marzo,3,20,0,7,0,
8,abril,4,20,0,5,0,
8,mayo,5,20,1,5,0,
8,junio,6,20,1,14,1,
8,julio,7,20,0,9,1,
8,agosto,8,20,0,4,0,
8,septiembre,9,20,0,8,0,
8,enero,1,21,0,8,0,
8,,2,21,0,4,0,
8,marzo,3,21,0,7,0,
8,abril,4,21,0,5,0,
8,mayo,5,21,0,5,0,
8,junio,6,21,1,14,0,
8,julio,7,21,0,9,1,
8,agosto,8,21,0,4,0,
8,septiembre,9,21,0,8,0,
8,enero,1,22,0,8,0,
8,,2,22,0,4,0,
8,marzo,3,22,0,7,0,
8,abril,4,22,0,5,0,
8,mayo,5,22,1,5,0,
8,junio,6,22,1,14,1,
8,julio,7,22,1,9,1,
8,agosto,8,22,1,4,1,
8,septiembre,9,22,3,8,1,
8,enero,1,23,0,8,0,
8,,2,23,0,4,0,
8,marzo,3,23,0,7,0,
8,abril,4,23,0,5,0,
8,mayo,5,23,0,5,0,
8,junio,6,23,0,14,0,
8,julio,7,23,1,9,0,
8,agosto,8,23,0,4,1,
8,septiembre,9,23,0,8,0,
8,enero,1,24,0,8,0,
8,,2,24,0,4,0,
8,marzo,3,24,0,7,0,
8,abril,4,24,0,5,0,
8,mayo,5,24,0,5,0,
8,junio,6,24,0,14,0,
8,julio,7,24,2,9,0,
8,agosto,8,24,0,4,2,
8,septiembre,9,24,0,8,0,
8,enero,1,25,0,8,0,
8,,2,25,0,4,0,
8,marzo,3,25,0,7,0,
8,abril,4,25,0,5,0,
8,mayo,5,25,0,5,0,
8,junio,6,25,0,14,0,
8,julio,7,25,0,9,0,
8,agosto,8,25,0,4,0,
8,septiembre,9,25,1,8,0,
8,enero,1,26,0,8,0,
8,,2,26,0,4,0,
8,marzo,3,26,0,7,0,
8,abril,4,26,0,5,0,
8,mayo,5,26,0,5,0,
8,junio,6,26,0,14,0,
8,julio,7,26,0,9,0,
8,agosto,8,26,1,4,0,
8,septiembre,9,26,0,8,1,
8,enero,1,27,0,8,0,
8,,2,27,0,4,0,
8,marzo,3,27,0,7,0,
8,abril,4,27,0,5,0,
8,mayo,5,27,0,5,0,
8,junio,6,27,0,14,0,
8,julio,7,27,0,9,0,
8,agosto,8,27,0,4,0,
8,septiembre,9,27,0,8,0,
8,enero,1,28,0,8,0,
8,,2,28,0,4,0,
8,marzo,3,28,0,7,0,
8,abril,4,28,0,5,0,
8,mayo,5,28,0,5,0,
8,junio,6,28,0,14,0,
8,julio,7,28,0,9,0,
8,agosto,8,28,0,4,0,
8,septiembre,9,28,0,8,0,
8,enero,1,29,0,8,0,
8,,2,29,0,4,0,
8,marzo,3,29,2,7,0,
8,abril,4,29,0,5,2,
8,mayo,5,29,0,5,0,
8,junio,6,29,0,14,0,
8,julio,7,29,0,9,0,
8,agosto,8,29,0,4,0,
8,septiembre,9,29,0,8,0,
8,enero,1,30,0,8,0,
8,,2,30,0,4,0,
8,marzo,3,30,0,7,0,
8,abril,4,30,0,5,0,
8,mayo,5,30,0,5,0,
8,junio,6,30,0,14,0,
8,julio,7,30,0,9,0,
8,agosto,8,30,0,4,0,
8,septiembre,9,30,1,8,0,
8,enero,1,31,0,8,0,
8,,2,31,0,4,0,
8,marzo,3,31,0,7,0,
8,abril,4,31,0,5,0,
8,mayo,5,31,0,5,0,
8,junio,6,31,0,14,0,
8,julio,7,31,0,9,0,
8,agosto,8,31,0,4,0,
8,septiembre,9,31,0,8,0,
8,enero,1,32,0,8,0,
8,,2,32,0,4,0,
8,marzo,3,32,0,7,0,
8,abril,4,32,0,5,0,
8,mayo,5,32,0,5,0,
8,junio,6,32,0,14,0,
8,julio,7,32,0,9,0,
8,agosto,8,32,0,4,0,
8,septiembre,9,32,0,8,0,
8,enero,1,33,0,8,0,
8,,2,33,0,4,0,
8,marzo,3,33,0,7,0,
8,abril,4,33,0,5,0,
8,mayo,5,33,0,5,0,
8,junio,6,33,0,14,0,
8,julio,7,33,0,9,0,
8,agosto,8,33,0,4,0,
8,septiembre,9,33,0,8,0,
8,enero,1,34,0,8,0,
8,,2,34,0,4,0,
8,marzo,3,34,0,7,0,
8,abril,4,34,0,5,0,
8,mayo,5,34,0,5,0,
8,junio,6,34,0,14,0,
8,julio,7,34,0,9,0,
8,agosto,8,34,0,4,0,
8,septiembre,9,34,0,8,0,
9,enero,1,1,0,5,0,
9,,2,1,0,6,0,
9,marzo,3,1,0,2,0,
9,abril,4,1,0,2,0,
9,mayo,5,1,0,8,0,
9,junio,6,1,0,4,0,
9,julio,7,1,0,15,0,
9,agosto,8,1,0,4,0,
9,septiembre,9,1,0,7,0,
9,enero,1,2,0,5,0,
9,,2,2,0,6,0,
9,marzo,3,2,0,2,0,
9,abril,4,2,0,2,0,
9,mayo,5,2,2,8,0,
9,junio,6,2,0,4,2,
9,julio,7,2,0,15,0,
9,agosto,8,2,0,4,0,
9,septiembre,9,2,0,7,0,
9,enero,1,3,1,5,1,
9,,2,3,0,6,1,
9,marzo,3,3,0,2,0,
9,abril,4,3,1,2,0,
9,mayo,5,3,0,8,1,
9,junio,6,3,0,4,0,
9,julio,7,3,0,15,0,
9,agosto,8,3,0,4,0,
9,septiembre,9,3,0,7,0,
9,enero,1,4,0,5,0,
9,,2,4,0,6,0,
9,marzo,3,4,0,2,0,
9,abril,4,4,0,2,0,
9,mayo,5,4,0,8,0,
9,junio,6,4,0,4,0,
9,julio,7,4,0,15,0,
9,agosto,8,4,0,4,0,
9,septiembre,9,4,0,7,0,
9,enero,1,5,0,5,0,
9,,2,5,0,6,0,
9,marzo,3,5,0,2,0,
9,abril,4,5,0,2,0,
9,mayo,5,5,0,8,0,
9,junio,6,5,0,4,0,
9,julio,7,5,0,15,0,
9,agosto,8,5,0,4,0,
9,septiembre,9,5,0,7,0,
9,enero,1,6,3,5,3,
9,,2,6,1,6,3,
9,marzo,3,6,0,2,1,
9,abril,4,6,0,2,0,
9,mayo,5,6,0,8,0,
9,junio,6,6,0,4,0,
9,julio,7,6,0,15,0,
9,agosto,8,6,0,4,0,
9,septiembre,9,6,2,7,0,
9,enero,1,7,0,5,0,
9,,2,7,0,6,0,
9,marzo,3,7,0,2,0,
9,abril,4,7,0,2,0,
9,mayo,5,7,0,8,0,
9,junio,6,7,0,4,0,
9,julio,7,7,0,15,0,
9,agosto,8,7,0,4,0,
9,septiembre,9,7,0,7,0,
9,enero,1,8,0,5,0,
9,,2,8,0,6,0,
9,marzo,3,8,0,2,0,
9,abril,4,8,0,2,0,
9,mayo,5,8,0,8,0,
9,junio,6,8,0,4,0,
9,julio,7,8,0,15,0,
9,agosto,8,8,0,4,0,
9,septiembre,9,8,0,7,0,
9,enero,1,9,0,5,0,
9,,2,9,0,6,0,
9,marzo,3,9,1,2,0,
9,abril,4,9,0,2,1,
9,mayo,5,9,1,8,0,
9,junio,6,9,1,4,1,
9,julio,7,9,0,15,1,
9,agosto,8,9,1,4,0,
9,septiembre,9,9,0,7,1,
9,enero,1,10,0,5,0,
9,,2,10,0,6,0,
9,marzo,3,10,0,2,0,
9,abril,4,10,1,2,0,
9,mayo,5,10,0,8,1,
9,junio,6,10,1,4,0,
9,julio,7,10,1,15,1,
9,agosto,8,10,0,4,1,
9,septiembre,9,10,0,7,0,
9,enero,1,11,0,5,0,
9,,2,11,0,6,0,
9,marzo,3,11,0,2,0,
9,abril,4,11,0,2,0,
9,mayo,5,11,0,8,0,
9,junio,6,11,1,4,0,
9,julio,7,11,2,15,1,
9,agosto,8,11,0,4,2,
9,septiembre,9,11,0,7,0,
9,enero,1,12,0,5,0,
9,,2,12,0,6,0,
9,marzo,3,12,0,2,0,
9,abril,4,12,0,2,0,
9,mayo,5,12,0,8,0,
9,junio,6,12,0,4,0,
9,julio,7,12,0,15,0,
9,agosto,8,12,0,4,0,
9,septiembre,9,12,0,7,0,
9,enero,1,13,0,5,0,
9,,2,13,0,6,0,
9,marzo,3,13,0,2,0,
9,abril,4,13,0,2,0,
9,mayo,5,13,0,8,0,
9,junio,6,13,0,4,0,
9,julio,7,13,2,15,0,
9,agosto,8,13,0,4,2,
9,septiembre,9,13,0,7,0,
9,enero,1,14,0,5,0,
9,,2,14,0,6,0,
9,marzo,3,14,0,2,0,
9,abril,4,14,0,2,0,
9,mayo,5,14,0,8,0,
9,junio,6,14,0,4,0,
9,julio,7,14,0,15,0,
9,agosto,8,14,0,4,0,
9,septiembre,9,14,0,7,0,
9,enero,1,15,0,5,0,
9,,2,15,2,6,0,
9,marzo,3,15,1,2,2,
9,abril,4,15,0,2,1,
9,mayo,5,15,0,8,0,
9,junio,6,15,0,4,0,
9,julio,7,15,2,15,0,
9,agosto,8,15,0,4,2,
9,septiembre,9,15,0,7,0,
9,enero,1,16,0,5,0,
9,,2,16,0,6,0,
9,marzo,3,16,0,2,0,
9,abril,4,16,0,2,0,
9,mayo,5,16,0,8,0,
9,junio,6,16,0,4,0,
9,julio,7,16,0,15,0,
9,agosto,8,16,0,4,0,
9,septiembre,9,16,0,7,0,
9,enero,1,17,0,5,0,
9,,2,17,0,6,0,
9,marzo,3,17,0,2,0,
9,abril,4,17,0,2,0,
9,mayo,5,17,0,8,0,
9,junio,6,17,0,4,0,
9,julio,7,17,0,15,0,
9,agosto,8,17,1,4,0,
9,septiembre,9,17,2,7,1,
9,enero,1,18,0,5,0,
9,,2,18,0,6,0,
9,marzo,3,18,0,2,0,
9,abril,4,18,0,2,0,
9,mayo,5,18,0,8,0,
9,junio,6,18,0,4,0,
9,julio,7,18,0,15,0,
9,agosto,8,18,0,4,0,
9,septiembre,9,18,0,7,0,
9,enero,1,19,0,5,0,
9,,2,19,0,6,0,
9,marzo,3,19,0,2,0,
9,abril,4,19,0,2,0,
9,mayo,5,19,1,8,0,
9,junio,6,19,0,4,1,
9,julio,7,19,1,15,0,
9,agosto,8,19,1,4,1,
9,septiembre,9,19,1,7,1,
9,enero,1,20,0,5,0,
9,,2,20,0,6,0,
9,marzo,3,20,0,2,0,
9,abril,4,20,0,2,0,
9,mayo,5,20,1,8,0,
9,junio,6,20,0,4,1,
9,julio,7,20,0,15,0,
9,agosto,8,20,0,4,0,
9,septiembre,9,20,0,7,0,
9,enero,1,21,0,5,0,
9,,2,21,0,6,0,
9,marzo,3,21,0,2,0,
9,abril,4,21,0,2,0,
9,mayo,5,21,1,8,0,
9,junio,6,21,0,4,1,
9,julio,7,21,0,15,0,
9,agosto,8,21,0,4,0,
9,septiembre,9,21,0,7,0,
9,enero,1,22,0,5,0,
9,,2,22,0,6,0,
9,marzo,3,22,0,2,0,
9,abril,4,22,0,2,0,
9,mayo,5,22,1,8,0,
9,junio,6,22,0,4,1,
9,julio,7,22,1,15,0,
9,agosto,8,22,0,4,1,
9,septiembre,9,22,0,7,0,
9,enero,1,23,0,5,0,
9,,2,23,0,6,0,
9,marzo,3,23,0,2,0,
9,abril,4,23,0,2,0,
9,mayo,5,23,0,8,0,
9,junio,6,23,1,4,0,
9,julio,7,23,3,15,1,
9,agosto,8,23,0,4,3,
9,septiembre,9,23,0,7,0,
9,enero,1,24,0,5,0,
9,,2,24,0,6,0,
9,marzo,3,24,0,2,0,
9,abril,4,24,0,2,0,
9,mayo,5,24,0,8,0,
9,junio,6,24,0,4,0,
9,julio,7,24,1,15,0,
9,agosto,8,24,0,4,1,
9,septiembre,9,24,0,7,0,
9,enero,1,25,0,5,0,
9,,2,25,0,6,0,
9,marzo,3,25,0,2,0,
9,abril,4,25,0,2,0,
9,mayo,5,25,0,8,0,
9,junio,6,25,0,4,0,
9,julio,7,25,2,15,0,
9,agosto,8,25,0,4,2,
9,septiembre,9,25,1,7,0,
9,enero,1,26,0,5,0,
9,,2,26,0,6,0,
9,marzo,3,26,0,2,0,
9,abril,4,26,0,2,0,
9,mayo,5,26,0,8,0,
9,junio,6,26,0,4,0,
9,julio,7,26,0,15,0,
9,agosto,8,26,0,4,0,
9,septiembre,9,26,0,7,0,
9,enero,1,27,0,5,0,
9,,2,27,0,6,0,
9,marzo,3,27,0,2,0,
9,abril,4,27,0,2,0,
9,mayo,5,27,0,8,0,
9,junio,6,27,0,4,0,
9,julio,7,27,0,15,0,
9,agosto,8,27,0,4,0,
9,septiembre,9,27,1,7,0,
9,enero,1,28,0,5,0,
9,,2,28,1,6,0,
9,marzo,3,28,0,2,1,
9,abril,4,28,0,2,0,
9,mayo,5,28,0,8,0,
9,junio,6,28,0,4,0,
9,julio,7,28,0,15,0,
9,agosto,8,28,0,4,0,
9,septiembre,9,28,0,7,0,
9,enero,1,29,0,5,0,
9,,2,29,0,6,0,
9,marzo,3,29,0,2,0,
9,abril,4,29,0,2,0,
9,mayo,5,29,1,8,0,
9,junio,6,29,0,4,1,
9,julio,7,29,0,15,0,
9,agosto,8,29,0,4,0,
9,septiembre,9,29,0,7,0,
9,enero,1,30,0,5,0,
9,,2,30,0,6,0,
9,marzo,3,30,0,2,0,
9,abril,4,30,0,2,0,
9,mayo,5,30,0,8,0,
9,junio,6,30,0,4,0,
9,julio,7,30,0,15,0,
9,agosto,8,30,0,4,0,
9,septiembre,9,30,0,7,0,
9,enero,1,31,1,5,1,
9,,2,31,2,6,1,
9,marzo,3,31,0,2,2,
9,abril,4,31,0,2,0,
9,mayo,5,31,0,8,0,
9,junio,6,31,0,4,0,
9,julio,7,31,0,15,0,
9,agosto,8,31,0,4,0,
9,septiembre,9,31,0,7,0,
9,enero,1,32,0,5,0,
9,,2,32,0,6,0,
9,marzo,3,32,0,2,0,
9,abril,4,32,0,2,0,
9,mayo,5,32,0,8,0,
9,junio,6,32,0,4,0,
9,julio,7,32,0,15,0,
9,agosto,8,32,1,4,0,
9,septiembre,9,32,0,7,1,
9,enero,1,33,0,5,0,
9,,2,33,0,6,0,
9,marzo,3,33,0,2,0,
9,abril,4,33,0,2,0,
9,mayo,5,33,0,8,0,
9,junio,6,33,0,4,0,
9,julio,7,33,0,15,0,
9,agosto,8,33,0,4,0,
9,septiembre,9,33,0,7,0,
9,enero,1,34,0,5,0,
9,,2,34,0,6,0,
9,marzo,3,34,0,2,0,
9,abril,4,34,0,2,0,
9,mayo,5,34,0,8,0,
9,junio,6,34,0,4,0,
9,julio,7,34,0,15,0,
9,agosto,8,34,0,4,0,
9,septiembre,9,34,0,7,0,
10,enero,1,1,0,0,0,
10,,2,1,0,0,0,
10,marzo,3,1,0,0,0,
10,abril,4,1,0,6,0,
10,mayo,5,1,0,4,0,
10,junio,6,1,1,9,0,
10,julio,7,1,0,8,1,
10,agosto,8,1,0,9,0,
10,septiembre,9,1,0,3,0,
10,enero,1,2,0,0,0,
10,,2,2,0,0,0,
10,marzo,3,2,0,0,0,
10,abril,4,2,1,6,0,
10,mayo,5,2,2,4,1,
10,junio,6,2,3,9,2,
10,julio,7,2,0,8,3,
10,agosto,8,2,4,9,0,
10,septiembre,9,2,2,3,4,
10,enero,1,3,0,0,0,
10,,2,3,0,0,0,
10,marzo,3,3,0,0,0,
10,abril,4,3,0,6,0,
10,mayo,5,3,0,4,0,
10,junio,6,3,2,9,0,
10,julio,7,3,0,8,2,
10,agosto,8,3,0,9,0,
10,septiembre,9,3,0,3,0,
10,enero,1,4,0,0,0,
10,,2,4,0,0,0,
10,marzo,3,4,0,0,0,
10,abril,4,4,0,6,0,
10,mayo,5,4,0,4,0,
10,junio,6,4,2,9,0,
10,julio,7,4,0,8,2,
10,agosto,8,4,0,9,0,
10,septiembre,9,4,0,3,0,
10,enero,1,5,0,0,0,
10,,2,5,0,0,0,
10,marzo,3,5,0,0,0,
10,abril,4,5,0,6,0,
10,mayo,5,5,0,4,0,
10,junio,6,5,0,9,0,
10,julio,7,5,0,8,0,
10,agosto,8,5,1,9,0,
10,septiembre,9,5,0,3,1,
10,enero,1,6,0,0,0,
10,,2,6,0,0,0,
10,marzo,3,6,0,0,0,
10,abril,4,6,0,6,0,
10,mayo,5,6,0,4,0,
10,junio,6,6,0,9,0,
10,julio,7,6,0,8,0,
10,agosto,8,6,0,9,0,
10,septiembre,9,6,0,3,0,
10,enero,1,7,0,0,0,
10,,2,7,0,0,0,
10,marzo,3,7,0,0,0,
10,abril,4,7,0,6,0,
10,mayo,5,7,0,4,0,
10,junio,6,7,0,9,0,
10,julio,7,7,0,8,0,
10,agosto,8,7,0,9,0,
10,septiembre,9,7,0,3,0,
10,enero,1,8,0,0,0,
10,,2,8,0,0,0,
10,marzo,3,8,0,0,0,
10,abril,4,8,0,6,0,
10,mayo,5,8,0,4,0,
10,junio,6,8,0,9,0,
10,julio,7,8,0,8,0,
10,agosto,8,8,0,9,0,
10,septiembre,9,8,0,3,0,
10,enero,1,9,0,0,0,
10,,2,9,0,0,0,
10,marzo,3,9,0,0,0,
10,abril,4,9,0,6,0,
10,mayo,5,9,0,4,0,
10,junio,6,9,1,9,0,
10,julio,7,9,0,8,1,
10,agosto,8,9,2,9,0,
10,septiembre,9,9,0,3,2,
10,enero,1,10,0,0,0,
10,,2,10,0,0,0,
10,marzo,3,10,0,0,0,
10,abril,4,10,0,6,0,
10,mayo,5,10,0,4,0,
10,junio,6,10,0,9,0,
10,julio,7,10,0,8,0,
10,agosto,8,10,0,9,0,
10,septiembre,9,10,0,3,0,
10,enero,1,11,0,0,0,
10,,2,11,0,0,0,
10,marzo,3,11,0,0,0,
10,abril,4,11,0,6,0,
10,mayo,5,11,0,4,0,
10,junio,6,11,0,9,0,
10,julio,7,11,1,8,0,
10,agosto,8,11,0,9,1,
10,septiembre,9,11,0,3,0,
10,enero,1,12,0,0,0,
10,,2,12,0,0,0,
10,marzo,3,12,0,0,0,
10,abril,4,12,0,6,0,
10,mayo,5,12,0,4,0,
10,junio,6,12,0,9,0,
10,julio,7,12,0,8,0,
10,agosto,8,12,0,9,0,
10,septiembre,9,12,0,3,0,
10,enero,1,13,0,0,0,
10,,2,13,0,0,0,
10,marzo,3,13,0,0,0,
10,abril,4,13,0,6,0,
10,mayo,5,13,2,4,0,
10,junio,6,13,0,9,2,
10,julio,7,13,3,8,0,
10,agosto,8,13,0,9,3,
10,septiembre,9,13,0,3,0,
10,enero,1,14,0,0,0,
10,,2,14,0,0,0,
10,marzo,3,14,0,0,0,
10,abril,4,14,1,6,0,
10,mayo,5,14,0,4,1,
10,junio,6,14,0,9,0,
10,julio,7,14,0,8,0,
10,agosto,8,14,0,9,0,
10,septiembre,9,14,0,3,0,
10,enero,1,15,0,0,0,
10,,2,15,0,0,0,
10,marzo,3,15,0,0,0,
10,abril,4,15,0,6,0,
10,mayo,5,15,0,4,0,
10,junio,6,15,0,9,0,
10,julio,7,15,0,8,0,
10,agosto,8,15,1,9,0,
10,septiembre,9,15,0,3,1,
10,enero,1,16,0,0,0,
10,,2,16,0,0,0,
10,marzo,3,16,0,0,0,
10,abril,4,16,4,6,0,
10,mayo,5,16,0,4,4,
10,junio,6,16,0,9,0,
10,julio,7,16,0,8,0,
10,agosto,8,16,0,9,0,
10,septiembre,9,16,0,3,0,
10,enero,1,17,0,0,0,
10,,2,17,0,0,0,
10,marzo,3,17,0,0,0,
10,abril,4,17,0,6,0,
10,mayo,5,17,0,4,0,
10,junio,6,17,0,9,0,
10,julio,7,17,0,8,0,
10,agosto,8,17,1,9,0,
10,septiembre,9,17,0,3,1,
10,enero,1,18,0,0,0,
10,,2,18,0,0,0,
10,marzo,3,18,0,0,0,
10,abril,4,18,0,6,0,
10,mayo,5,18,0,4,0,
10,junio,6,18,0,9,0,
10,julio,7,18,1,8,0,
10,agosto,8,18,0,9,1,
10,septiembre,9,18,0,3,0,
10,enero,1,19,0,0,0,
10,,2,19,0,0,0,
10,marzo,3,19,0,0,0,
10,abril,4,19,0,6,0,
10,mayo,5,19,0,4,0,
10,junio,6,19,0,9,0,
10,julio,7,19,0,8,0,
10,agosto,8,19,0,9,0,
10,septiembre,9,19,0,3,0,
10,enero,1,20,0,0,0,
10,,2,20,0,0,0,
10,marzo,3,20,0,0,0,
10,abril,4,20,0,6,0,
10,mayo,5,20,0,4,0,
10,junio,6,20,0,9,0,
10,julio,7,20,0,8,0,
10,agosto,8,20,0,9,0,
10,septiembre,9,20,0,3,0,
10,enero,1,21,0,0,0,
10,,2,21,0,0,0,
10,marzo,3,21,0,0,0,
10,abril,4,21,0,6,0,
10,mayo,5,21,0,4,0,
10,junio,6,21,0,9,0,
10,julio,7,21,0,8,0,
10,agosto,8,21,0,9,0,
10,septiembre,9,21,0,3,0,
10,enero,1,22,0,0,0,
10,,2,22,0,0,0,
10,marzo,3,22,0,0,0,
10,abril,4,22,0,6,0,
10,mayo,5,22,0,4,0,
10,junio,6,22,0,9,0,
10,julio,7,22,0,8,0,
10,agosto,8,22,0,9,0,
10,septiembre,9,22,1,3,0,
10,enero,1,23,0,0,0,
10,,2,23,0,0,0,
10,marzo,3,23,0,0,0,
10,abril,4,23,0,6,0,
10,mayo,5,23,0,4,0,
10,junio,6,23,0,9,0,
10,julio,7,23,2,8,0,
10,agosto,8,23,0,9,2,
10,septiembre,9,23,0,3,0,
10,enero,1,24,0,0,0,
10,,2,24,0,0,0,
10,marzo,3,24,0,0,0,
10,abril,4,24,0,6,0,
10,mayo,5,24,0,4,0,
10,junio,6,24,0,9,0,
10,julio,7,24,1,8,0,
10,agosto,8,24,0,9,1,
10,septiembre,9,24,0,3,0,
10,enero,1,25,0,0,0,
10,,2,25,0,0,0,
10,marzo,3,25,0,0,0,
10,abril,4,25,0,6,0,
10,mayo,5,25,0,4,0,
10,junio,6,25,0,9,0,
10,julio,7,25,0,8,0,
10,agosto,8,25,0,9,0,
10,septiembre,9,25,0,3,0,
10,enero,1,26,0,0,0,
10,,2,26,0,0,0,
10,marzo,3,26,0,0,0,
10,abril,4,26,0,6,0,
10,mayo,5,26,0,4,0,
10,junio,6,26,0,9,0,
10,julio,7,26,0,8,0,
10,agosto,8,26,0,9,0,
10,septiembre,9,26,0,3,0,
10,enero,1,27,0,0,0,
10,,2,27,0,0,0,
10,marzo,3,27,0,0,0,
10,abril,4,27,0,6,0,
10,mayo,5,27,0,4,0,
10,junio,6,27,0,9,0,
10,julio,7,27,0,8,0,
10,agosto,8,27,0,9,0,
10,septiembre,9,27,0,3,0,
10,enero,1,28,0,0,0,
10,,2,28,0,0,0,
10,marzo,3,28,0,0,0,
10,abril,4,28,0,6,0,
10,mayo,5,28,0,4,0,
10,junio,6,28,0,9,0,
10,julio,7,28,0,8,0,
10,agosto,8,28,0,9,0,
10,septiembre,9,28,0,3,0,
10,enero,1,29,0,0,0,
10,,2,29,0,0,0,
10,marzo,3,29,0,0,0,
10,abril,4,29,0,6,0,
10,mayo,5,29,0,4,0,
10,junio,6,29,0,9,0,
10,julio,7,29,0,8,0,
10,agosto,8,29,0,9,0,
10,septiembre,9,29,0,3,0,
10,enero,1,30,0,0,0,
10,,2,30,0,0,0,
10,marzo,3,30,0,0,0,
10,abril,4,30,0,6,0,
10,mayo,5,30,0,4,0,
10,junio,6,30,0,9,0,
10,julio,7,30,0,8,0,
10,agosto,8,30,0,9,0,
10,septiembre,9,30,0,3,0,
10,enero,1,31,0,0,0,
10,,2,31,0,0,0,
10,marzo,3,31,0,0,0,
10,abril,4,31,0,6,0,
10,mayo,5,31,0,4,0,
10,junio,6,31,0,9,0,
10,julio,7,31,0,8,0,
10,agosto,8,31,0,9,0,
10,septiembre,9,31,0,3,0,
10,enero,1,32,0,0,0,
10,,2,32,0,0,0,
10,marzo,3,32,0,0,0,
10,abril,4,32,0,6,0,
10,mayo,5,32,0,4,0,
10,junio,6,32,0,9,0,
10,julio,7,32,0,8,0,
10,agosto,8,32,0,9,0,
10,septiembre,9,32,0,3,0,
10,enero,1,33,0,0,0,
10,,2,33,0,0,0,
10,marzo,3,33,0,0,0,
10,abril,4,33,0,6,0,
10,mayo,5,33,0,4,0,
10,junio,6,33,0,9,0,
10,julio,7,33,0,8,0,
10,agosto,8,33,0,9,0,
10,septiembre,9,33,0,3,0,
10,enero,1,34,0,0,0,
10,,2,34,0,0,0,
10,marzo,3,34,0,0,0,
10,abril,4,34,0,6,0,
10,mayo,5,34,0,4,0,
10,junio,6,34,0,9,0,
10,julio,7,34,0,8,0,
10,agosto,8,34,0,9,0,
10,septiembre,9,34,0,3,0,
